Device_ID,Timestamp,Device_Type,CPU_Usage,Memory_Usage,Temperature,Uptime,Interface_Errors,Packet_Loss,Bandwidth_Usage,Log_Errors,Syslog_Critical_Count,Latest_Syslog,Failure_Type,Failed,CPU_5step_avg,CPU_Trend,CPU_Spike,Memory_Trend,Temperature_5step_avg,Temperature_Trend,Temperature_Spike,Error_Trend,Error_Spike,PacketLoss_Trend
DEV-00001,2026-01-05 03:00:00,Router,11.66,40.27,100.0,792.44,835,0.81,69.45,492,10,%ENVIRONMENT-3-THERMAL_CRITICAL: Temperature reached 100.0C,NONE,0,12.464,1.0899999999999999,0,-0.0899999999999963,100.0,0.0,0,187.0,1,0.1100000000000001
DEV-00002,2026-01-05 03:00:00,Router,48.88,30.06,30.97,254.52,62,0.06,8.09,21,8,"%LINK-3-UPDOWN: Interface Gi0/1 flaps, errors count 62",NONE,0,49.90599999999999,0.5600000000000023,0,-1.9800000000000004,31.226,-0.240000000000002,0,1.0,1,-0.22000000000000003
DEV-00003,2026-01-05 03:00:00,Router,19.92,43.04,32.31,482.17,44,0.02,39.05,21,0,NORMAL_OPERATIONAL_STATE,NONE,0,18.666,-0.18999999999999773,0,0.6700000000000017,32.084,-0.8399999999999963,0,6.0,1,0.02
DEV-00004,2026-01-05 03:00:00,Router,100.0,34.33,100.0,361.89,53,0.35,10.29,391,10,%ENVIRONMENT-3-THERMAL_CRITICAL: Temperature reached 100.0C,THERMAL,1,100.0,0.0,0,0.769999999999996,100.0,0.0,0,2.0,1,-0.35
DEV-00005,2026-01-05 03:00:00,Switch,12.48,41.28,40.74,679.57,50,0.51,40.59,22,0,NORMAL_OPERATIONAL_STATE,NONE,0,10.458000000000002,6.0200000000000005,0,0.8000000000000043,42.02,-3.3799999999999955,0,1.0,1,0.33999999999999997
DEV-00006,2026-01-05 03:00:00,Switch,30.11,38.13,30.24,232.21,43,1.79,20.38,21,0,NORMAL_OPERATIONAL_STATE,NONE,0,31.339999999999996,1.8000000000000007,0,3.4299999999999997,29.334000000000003,0.8699999999999974,0,1.0,1,0.32000000000000006
DEV-00007,2026-01-05 03:00:00,Switch,100.0,12.94,100.0,736.98,32,1.43,49.13,378,10,%ENVIRONMENT-3-THERMAL_CRITICAL: Temperature reached 100.0C,THERMAL,1,100.0,0.0,0,-2.59,100.0,0.0,0,1.0,1,-0.050000000000000044
DEV-00008,2026-01-05 03:00:00,Switch,16.56,100.0,37.07,457.58,48,0.93,46.3,457,10,"%SYS-2-MALLOCFAIL: Memory allocation failed, usage at 100.0%",NONE,0,16.928,-3.740000000000002,0,0.0,37.9,-0.8999999999999986,0,5.0,1,-0.06999999999999995
DEV-00009,2026-01-05 03:00:00,Switch,100.0,37.04,41.43,211.11,49,25.0,100.0,22,6,"%QOS-4-BUFFER_FULL: Interface buffer saturated, loss 25.0%",CONGESTION,1,100.0,0.0,0,0.8599999999999994,42.188,-0.10000000000000142,0,5.0,1,0.0
DEV-00010,2026-01-05 03:00:00,Switch,22.77,19.87,22.18,652.04,46,1.45,74.29,21,0,NORMAL_OPERATIONAL_STATE,NONE,0,25.380000000000003,-1.6500000000000021,0,-1.2699999999999996,22.716,-1.9100000000000001,0,2.0,1,-0.08000000000000007
DEV-00011,2026-01-05 03:00:00,Switch,18.4,19.81,48.29,189.63,55,0.61,23.78,25,8,"%LINK-3-UPDOWN: Interface Gi0/1 flaps, errors count 55",NONE,0,19.052,-6.700000000000003,0,-0.3000000000000007,48.132,-0.730000000000004,0,1.0,1,0.05999999999999994
DEV-00012,2026-01-05 03:00:00,Router,31.77,33.14,32.84,239.19,49,1.1,52.78,17,0,NORMAL_OPERATIONAL_STATE,NONE,0,30.282,2.7300000000000004,0,-0.5799999999999983,34.078,-1.4899999999999949,0,4.0,1,-0.09999999999999987
DEV-00013,2026-01-05 03:00:00,Router,6.07,38.93,41.99,792.83,58,0.18,30.76,31,8,"%LINK-3-UPDOWN: Interface Gi0/1 flaps, errors count 58",NONE,0,5.736,1.0700000000000003,0,0.3500000000000014,42.212,-0.3500000000000014,0,3.0,1,-0.46
DEV-00014,2026-01-05 03:00:00,Switch,46.89,45.78,37.66,161.52,50,0.04,5.37,24,0,NORMAL_OPERATIONAL_STATE,NONE,0,46.803999999999995,-3.799999999999997,0,0.490000000000002,37.262,1.5799999999999983,0,4.0,1,-0.19999999999999998
DEV-00015,2026-01-05 03:00:00,Switch,24.61,28.97,35.95,754.18,51,1.65,32.28,26,8,"%LINK-3-UPDOWN: Interface Gi0/1 flaps, errors count 51",NONE,0,23.928,2.530000000000001,0,-0.5500000000000007,34.68,2.5600000000000023,0,3.0,1,0.42999999999999994
DEV-00016,2026-01-05 03:00:00,Router,100.0,31.06,44.77,725.5,75,25.0,100.0,26,8,"%LINK-3-UPDOWN: Interface Gi0/1 flaps, errors count 75",CONGESTION,1,100.0,0.0,0,2.4800000000000004,44.18,0.7100000000000009,0,8.0,1,0.0
DEV-00017,2026-01-05 03:00:00,Router,6.7,24.54,44.11,368.42,60,0.22,64.4,23,8,"%LINK-3-UPDOWN: Interface Gi0/1 flaps, errors count 60",NONE,0,8.767999999999999,-6.78,0,-1.9000000000000021,44.926,-1.3800000000000026,0,2.0,1,-0.18999999999999997
DEV-00018,2026-01-05 03:00:00,Switch,15.67,40.18,38.12,516.87,58,0.0,42.85,22,8,"%LINK-3-UPDOWN: Interface Gi0/1 flaps, errors count 58",NONE,0,14.122,3.9700000000000006,0,-4.700000000000003,37.084,1.4399999999999977,0,2.0,1,-0.07
DEV-00019,2026-01-05 03:00:00,Router,30.85,42.57,26.07,621.32,51,0.47,85.73,17,8,"%LINK-3-UPDOWN: Interface Gi0/1 flaps, errors count 51",NONE,0,30.407999999999998,0.19000000000000128,0,-0.240000000000002,25.851999999999997,-0.3299999999999983,0,2.0,1,-0.28
DEV-00020,2026-01-05 03:00:00,Router,26.62,41.95,31.92,226.26,50,1.32,87.87,24,0,NORMAL_OPERATIONAL_STATE,NONE,0,25.734,-2.969999999999999,0,4.350000000000001,31.076,0.8100000000000023,0,1.0,1,0.06000000000000005
DEV-00021,2026-01-05 03:00:00,Router,15.86,31.54,43.61,268.98,51,0.2,25.26,21,8,"%LINK-3-UPDOWN: Interface Gi0/1 flaps, errors count 51",NONE,0,18.206,-2.16,0,1.6799999999999997,43.616,0.8699999999999974,0,4.0,1,0.09000000000000001
DEV-00022,2026-01-05 03:00:00,Router,9.4,34.82,28.88,167.64,49,0.92,9.44,18,0,NORMAL_OPERATIONAL_STATE,NONE,0,6.714,0.28000000000000114,0,1.8200000000000003,26.764,3.5799999999999983,0,1.0,1,-0.09999999999999998
DEV-00023,2026-01-05 03:00:00,Router,56.22,19.24,100.0,871.92,800,1.23,89.26,480,10,%ENVIRONMENT-3-THERMAL_CRITICAL: Temperature reached 100.0C,HARDWARE,1,57.501999999999995,0.35999999999999943,0,-1.4500000000000028,100.0,0.0,0,180.0,1,-0.14000000000000012
DEV-00024,2026-01-05 03:00:00,Router,100.0,31.29,100.0,123.47,43,0.57,51.99,333,10,%ENVIRONMENT-3-THERMAL_CRITICAL: Temperature reached 100.0C,THERMAL,1,100.0,0.0,0,-2.1499999999999986,100.0,0.0,0,0.0,1,0.039999999999999925
DEV-00025,2026-01-05 03:00:00,Router,9.39,38.86,37.83,211.86,53,0.08,5.0,13,8,"%LINK-3-UPDOWN: Interface Gi0/1 flaps, errors count 53",NONE,0,8.834,3.3600000000000003,0,-3.0600000000000023,37.62,0.8299999999999983,0,1.0,1,0.08
DEV-00026,2026-01-05 03:00:00,Router,59.75,100.0,38.28,25.54,58,0.35,35.15,459,10,"%SYS-2-MALLOCFAIL: Memory allocation failed, usage at 100.0%",NONE,0,61.08200000000001,-3.229999999999997,0,0.0,38.294000000000004,-0.8799999999999955,0,3.0,1,-0.30000000000000004
DEV-00027,2026-01-05 03:00:00,Router,27.82,41.19,21.32,52.13,52,1.1,33.67,18,8,"%LINK-3-UPDOWN: Interface Gi0/1 flaps, errors count 52",NONE,0,31.22,-8.490000000000002,0,-1.2100000000000009,20.625999999999998,0.05999999999999872,0,3.0,1,0.18000000000000005
DEV-00028,2026-01-05 03:00:00,Switch,15.79,38.65,100.0,844.25,592,1.32,13.86,360,10,%ENVIRONMENT-3-THERMAL_CRITICAL: Temperature reached 100.0C,NONE,0,16.978,2.7799999999999994,0,-1.0600000000000023,100.0,0.0,0,179.0,1,0.20999999999999996
DEV-00029,2026-01-05 03:00:00,Router,5.43,31.29,23.84,28.56,48,0.06,20.14,31,0,NORMAL_OPERATIONAL_STATE,NONE,0,5.086,0.4299999999999997,0,-0.8599999999999994,23.982,-0.010000000000001563,0,1.0,1,-0.16
DEV-00030,2026-01-05 03:00:00,Switch,5.08,29.13,24.58,707.37,52,0.35,48.88,21,8,"%LINK-3-UPDOWN: Interface Gi0/1 flaps, errors count 52",NONE,0,5.224,0.08000000000000007,0,2.099999999999998,26.732,-1.7000000000000028,0,1.0,1,-0.26
DEV-00031,2026-01-05 03:00:00,Switch,42.57,38.08,26.46,749.46,45,0.55,25.9,27,0,NORMAL_OPERATIONAL_STATE,NONE,0,42.686,-2.0899999999999963,0,1.1700000000000017,27.919999999999998,-2.3200000000000003,0,3.0,1,-0.15999999999999992
DEV-00032,2026-01-05 03:00:00,Switch,12.97,34.0,24.03,22.73,56,0.69,15.86,28,8,"%LINK-3-UPDOWN: Interface Gi0/1 flaps, errors count 56",NONE,0,19.078,-7.380000000000001,0,2.969999999999999,23.818,0.4200000000000017,0,2.0,1,0.4099999999999999
DEV-00033,2026-01-05 03:00:00,Router,7.79,33.99,21.42,448.29,49,0.52,64.54,19,0,NORMAL_OPERATIONAL_STATE,NONE,0,7.33,1.7999999999999998,0,0.03999999999999915,22.644,-2.5,0,0.0,1,0.0
DEV-00034,2026-01-05 03:00:00,Router,100.0,36.62,100.0,71.65,53,0.0,85.68,258,10,%ENVIRONMENT-3-THERMAL_CRITICAL: Temperature reached 100.0C,THERMAL,1,100.0,0.0,0,1.9600000000000009,100.0,0.0,0,2.0,1,-0.11
DEV-00035,2026-01-05 03:00:00,Router,5.0,100.0,40.54,455.31,56,1.26,8.03,350,10,"%SYS-2-MALLOCFAIL: Memory allocation failed, usage at 100.0%",NONE,0,6.004,-3.3200000000000003,0,0.0,40.10600000000001,1.9799999999999969,0,3.0,1,-0.11999999999999988
DEV-00036,2026-01-05 03:00:00,Router,23.54,29.07,48.09,391.56,51,2.78,79.1,22,8,"%LINK-3-UPDOWN: Interface Gi0/1 flaps, errors count 51",NONE,0,22.642000000000003,0.019999999999999574,0,0.17999999999999972,46.376,1.8200000000000003,0,2.0,1,0.18999999999999995
DEV-00037,2026-01-05 03:00:00,Switch,36.9,27.88,38.19,145.48,64,1.87,26.21,14,8,"%LINK-3-UPDOWN: Interface Gi0/1 flaps, errors count 64",NONE,0,34.891999999999996,7.109999999999999,0,-6.84,39.727999999999994,-4.830000000000005,0,1.0,1,0.29000000000000004
DEV-00038,2026-01-05 03:00:00,Router,46.51,43.6,38.18,320.9,49,0.33,5.0,21,0,NORMAL_OPERATIONAL_STATE,NONE,0,44.714,4.43,0,-1.6599999999999966,37.744,0.3200000000000003,0,1.0,1,0.30000000000000004
DEV-00039,2026-01-05 03:00:00,Router,41.12,29.95,34.22,74.36,43,1.44,24.0,14,0,NORMAL_OPERATIONAL_STATE,NONE,0,38.034,3.019999999999996,0,-2.129999999999999,35.732,-0.759999999999998,0,3.0,1,0.17999999999999994
DEV-00040,2026-01-05 03:00:00,Router,35.83,100.0,50.11,393.66,52,1.11,44.38,492,10,"%SYS-2-MALLOCFAIL: Memory allocation failed, usage at 100.0%",NONE,0,39.06,-4.829999999999998,0,0.0,50.879999999999995,-2.1199999999999974,0,0.0,1,-0.2999999999999998
DEV-00041,2026-01-05 03:00:00,Switch,7.87,44.41,29.71,209.57,2104,25.0,8.64,225,8,"%LINK-3-UPDOWN: Interface Gi0/1 flaps, errors count 2104",NONE,0,7.016,-1.2800000000000002,0,2.6699999999999946,29.586000000000002,-0.4800000000000004,0,404.0,1,0.0
DEV-00042,2026-01-05 03:00:00,Switch,29.52,29.35,35.09,659.11,53,1.93,42.2,25,8,"%LINK-3-UPDOWN: Interface Gi0/1 flaps, errors count 53",NONE,0,28.471999999999998,-0.5300000000000011,0,-0.5899999999999999,35.215999999999994,-0.5599999999999952,0,1.0,1,0.18999999999999995
DEV-00043,2026-01-05 03:00:00,Switch,62.22,43.27,25.28,86.06,54,0.13,90.76,30,8,"%LINK-3-UPDOWN: Interface Gi0/1 flaps, errors count 54",NONE,0,63.122,-0.10000000000000142,0,-2.3999999999999986,25.544,-1.3999999999999986,0,3.0,1,-0.1
DEV-00044,2026-01-05 03:00:00,Router,26.47,22.29,28.16,288.62,53,0.43,44.5,24,8,"%LINK-3-UPDOWN: Interface Gi0/1 flaps, errors count 53",NONE,0,28.8,-3.8800000000000026,0,0.5899999999999999,28.54,-0.8999999999999986,0,2.0,1,-0.03999999999999998
DEV-00045,2026-01-05 03:00:00,Switch,11.37,35.82,39.24,782.92,54,0.76,72.6,17,8,"%LINK-3-UPDOWN: Interface Gi0/1 flaps, errors count 54",NONE,0,11.334,0.9299999999999997,0,-1.9799999999999969,38.754,0.490000000000002,0,5.0,1,0.16000000000000003
DEV-00046,2026-01-05 03:00:00,Switch,26.0,30.49,38.12,274.95,60,1.17,28.84,29,8,"%LINK-3-UPDOWN: Interface Gi0/1 flaps, errors count 60",NONE,0,25.830000000000002,-2.8500000000000014,0,-0.40000000000000213,38.269999999999996,0.9799999999999969,0,2.0,1,-0.07000000000000006
DEV-00047,2026-01-05 03:00:00,Switch,9.87,44.27,100.0,633.07,795,0.91,5.0,468,10,%ENVIRONMENT-3-THERMAL_CRITICAL: Temperature reached 100.0C,NONE,0,6.944,4.569999999999999,0,3.210000000000001,100.0,0.0,0,182.0,1,0.09999999999999998
DEV-00048,2026-01-05 03:00:00,Switch,54.63,46.59,25.02,327.93,51,2.13,47.06,17,8,"%LINK-3-UPDOWN: Interface Gi0/1 flaps, errors count 51",NONE,0,54.32000000000001,-0.3399999999999963,0,-2.049999999999997,26.28,-2.620000000000001,0,1.0,1,-0.06000000000000005
DEV-00049,2026-01-05 03:00:00,Router,21.86,43.23,47.58,526.74,55,0.84,23.74,25,8,"%LINK-3-UPDOWN: Interface Gi0/1 flaps, errors count 55",NONE,0,22.422000000000004,-1.9600000000000009,0,3.719999999999999,46.398,2.969999999999999,0,2.0,1,-0.19000000000000006
DEV-00050,2026-01-05 03:00:00,Router,45.65,34.37,51.06,751.78,55,1.21,28.95,18,8,"%LINK-3-UPDOWN: Interface Gi0/1 flaps, errors count 55",NONE,0,43.480000000000004,0.0899999999999963,0,3.9899999999999984,50.068,2.6400000000000006,0,3.0,1,0.09999999999999987
DEV-00051,2026-01-05 03:00:00,Router,100.0,46.46,100.0,802.0,55,3.4,18.33,395,10,%ENVIRONMENT-3-THERMAL_CRITICAL: Temperature reached 100.0C,THERMAL,1,100.0,0.0,0,0.10999999999999943,100.0,0.0,0,5.0,1,0.1499999999999999
DEV-00052,2026-01-05 03:00:00,Router,19.7,100.0,25.92,161.93,56,0.0,32.79,564,10,"%SYS-2-MALLOCFAIL: Memory allocation failed, usage at 100.0%",NONE,0,20.19,-0.370000000000001,0,0.0,27.310000000000002,-1.8999999999999986,0,2.0,1,-0.09
DEV-00053,2026-01-05 03:00:00,Router,27.41,19.51,27.4,55.11,57,1.3,71.63,18,8,"%LINK-3-UPDOWN: Interface Gi0/1 flaps, errors count 57",NONE,0,26.02,2.3200000000000003,0,1.8000000000000007,26.546,-0.9600000000000009,0,4.0,1,-0.050000000000000044
DEV-00054,2026-01-05 03:00:00,Router,20.58,56.5,29.49,748.49,44,0.29,50.95,22,0,NORMAL_OPERATIONAL_STATE,NONE,0,19.088,1.0499999999999972,0,1.6000000000000014,30.432,-2.1400000000000006,0,3.0,1,0.12999999999999998
DEV-00055,2026-01-05 03:00:00,Switch,7.97,13.86,51.0,143.45,50,1.08,28.03,28,0,NORMAL_OPERATIONAL_STATE,NONE,0,10.898,-5.910000000000001,0,-3.66,50.036,0.9099999999999966,0,3.0,1,0.09000000000000008
DEV-00056,2026-01-05 03:00:00,Router,49.53,100.0,44.0,411.32,45,0.16,14.0,363,10,"%SYS-2-MALLOCFAIL: Memory allocation failed, usage at 100.0%",NONE,0,48.322,6.090000000000003,0,0.0,44.465999999999994,-0.38000000000000256,0,2.0,1,-0.010000000000000009
DEV-00057,2026-01-05 03:00:00,Switch,100.0,43.53,100.0,145.88,50,0.65,55.03,237,10,%ENVIRONMENT-3-THERMAL_CRITICAL: Temperature reached 100.0C,THERMAL,1,100.0,0.0,0,4.340000000000003,100.0,0.0,0,0.0,1,-0.20999999999999996
DEV-00058,2026-01-05 03:00:00,Switch,48.86,52.15,37.1,375.2,38,0.09,21.76,22,0,NORMAL_OPERATIONAL_STATE,NONE,0,49.827999999999996,4.490000000000002,0,0.4299999999999997,36.342,-0.3200000000000003,0,1.0,1,-0.27
DEV-00059,2026-01-05 03:00:00,Switch,34.54,51.17,20.05,193.77,50,0.65,13.19,27,0,NORMAL_OPERATIONAL_STATE,NONE,0,34.632,1.8599999999999994,0,-1.6099999999999994,21.318,-3.9299999999999997,0,2.0,1,-0.22999999999999998
DEV-00060,2026-01-05 03:00:00,Switch,12.5,35.46,36.91,32.35,1490,25.0,83.05,165,8,"%LINK-3-UPDOWN: Interface Gi0/1 flaps, errors count 1490",INTERFACE,1,14.902000000000001,-6.25,0,1.4500000000000028,35.842,0.9699999999999989,0,389.0,1,0.0
DEV-00061,2026-01-05 03:00:00,Router,18.01,28.25,29.68,161.36,47,0.28,29.46,25,0,NORMAL_OPERATIONAL_STATE,NONE,0,14.216,10.14,0,-3.3500000000000014,30.484,-1.4200000000000017,0,3.0,1,0.020000000000000018
DEV-00062,2026-01-05 03:00:00,Router,100.0,26.79,32.62,743.31,38,25.0,100.0,21,6,"%QOS-4-BUFFER_FULL: Interface buffer saturated, loss 25.0%",CONGESTION,1,100.0,0.0,0,-2.7200000000000024,32.59400000000001,-0.10000000000000142,0,2.0,1,0.0
DEV-00063,2026-01-05 03:00:00,Switch,34.46,22.09,26.13,472.83,49,0.37,44.08,24,0,NORMAL_OPERATIONAL_STATE,NONE,0,35.367999999999995,-5.269999999999996,0,2.7300000000000004,27.139999999999997,-0.7100000000000009,0,4.0,1,-0.26
DEV-00064,2026-01-05 03:00:00,Router,22.39,100.0,37.56,179.99,47,0.12,65.11,411,10,"%SYS-2-MALLOCFAIL: Memory allocation failed, usage at 100.0%",NONE,0,22.358,-0.18999999999999773,0,0.0,36.674,1.8000000000000043,0,2.0,1,0.06
DEV-00065,2026-01-05 03:00:00,Router,37.17,100.0,26.97,95.52,51,0.25,15.69,513,10,"%SYS-2-MALLOCFAIL: Memory allocation failed, usage at 100.0%",NONE,0,38.068000000000005,-2.299999999999997,0,0.0,27.148000000000003,-1.0400000000000027,0,2.0,1,0.25
DEV-00066,2026-01-05 03:00:00,Router,19.89,44.36,47.11,544.96,61,0.24,41.95,14,8,"%LINK-3-UPDOWN: Interface Gi0/1 flaps, errors count 61",NONE,0,18.284000000000002,7.75,0,0.4399999999999977,47.314,-0.20000000000000284,0,4.0,1,0.09999999999999998
DEV-00067,2026-01-05 03:00:00,Switch,17.93,36.75,30.22,670.04,2550,25.0,28.79,278,8,"%LINK-3-UPDOWN: Interface Gi0/1 flaps, errors count 2550",INTERFACE,1,22.162,-6.280000000000001,0,2.229999999999997,30.898000000000003,-0.7699999999999996,0,400.0,1,0.0
DEV-00068,2026-01-05 03:00:00,Switch,28.03,24.18,29.12,570.28,54,0.0,44.55,21,8,"%LINK-3-UPDOWN: Interface Gi0/1 flaps, errors count 54",NONE,0,28.266,-5.339999999999996,0,1.9299999999999997,29.945999999999998,-1.1199999999999974,0,4.0,1,-0.09
DEV-00069,2026-01-05 03:00:00,Switch,29.33,19.8,27.31,784.06,48,0.66,44.47,19,0,NORMAL_OPERATIONAL_STATE,NONE,0,27.553999999999995,-0.240000000000002,0,2.09,29.046,-2.59,0,3.0,1,0.25000000000000006
DEV-00070,2026-01-05 03:00:00,Router,5.0,40.98,40.32,347.31,45,0.25,78.04,21,0,NORMAL_OPERATIONAL_STATE,NONE,0,6.470000000000001,-1.2199999999999998,0,-0.8800000000000026,40.614,-1.1499999999999986,0,2.0,1,-0.10999999999999999
DEV-00071,2026-01-05 03:00:00,Router,61.89,43.33,30.33,222.48,60,1.34,29.75,19,8,"%LINK-3-UPDOWN: Interface Gi0/1 flaps, errors count 60",NONE,0,58.862,7.32,0,-1.7700000000000031,29.279999999999994,0.9299999999999997,0,3.0,1,-0.06999999999999984
DEV-00072,2026-01-05 03:00:00,Switch,29.03,10.0,35.4,85.53,46,1.75,37.96,18,0,NORMAL_OPERATIONAL_STATE,NONE,0,28.662,-3.049999999999997,0,-0.8599999999999994,36.048,-2.020000000000003,0,1.0,1,-0.27
DEV-00073,2026-01-05 03:00:00,Switch,12.37,48.81,33.2,678.98,52,0.13,31.01,24,8,"%LINK-3-UPDOWN: Interface Gi0/1 flaps, errors count 52",NONE,0,10.712,-0.7000000000000011,0,-4.039999999999999,33.914,-2.1699999999999946,0,4.0,1,-0.03
DEV-00074,2026-01-05 03:00:00,Router,26.05,16.25,25.62,16.01,61,1.12,29.15,23,8,"%LINK-3-UPDOWN: Interface Gi0/1 flaps, errors count 61",NONE,0,26.718,0.33999999999999986,0,0.9600000000000009,25.703999999999997,-1.25,0,2.0,1,0.08000000000000007
DEV-00075,2026-01-05 03:00:00,Switch,48.02,31.51,45.66,788.82,49,0.17,62.2,12,0,NORMAL_OPERATIONAL_STATE,NONE,0,47.116,-0.8599999999999994,0,-2.929999999999996,44.864,3.0899999999999963,0,3.0,1,-0.18999999999999997
DEV-00076,2026-01-05 03:00:00,Router,23.05,24.29,40.94,109.38,55,1.21,46.65,26,8,"%LINK-3-UPDOWN: Interface Gi0/1 flaps, errors count 55",NONE,0,19.648,6.52,0,-1.6600000000000001,39.943999999999996,2.3299999999999983,0,4.0,1,0.1399999999999999
DEV-00077,2026-01-05 03:00:00,Switch,5.0,49.6,36.99,713.32,49,1.73,9.42,22,0,NORMAL_OPERATIONAL_STATE,NONE,0,5.7700000000000005,-2.7699999999999996,0,2.8500000000000014,37.5,-1.6899999999999977,0,0.0,1,0.24
DEV-00078,2026-01-05 03:00:00,Router,13.42,39.52,100.0,254.35,950,1.78,63.98,585,10,%ENVIRONMENT-3-THERMAL_CRITICAL: Temperature reached 100.0C,NONE,0,10.462,8.42,0,0.39000000000000057,100.0,0.0,0,186.0,1,-0.07000000000000006
DEV-00079,2026-01-05 03:00:00,Router,35.75,100.0,32.74,202.8,59,0.16,11.9,562,10,"%SYS-2-MALLOCFAIL: Memory allocation failed, usage at 100.0%",NONE,0,36.174,-2.979999999999997,0,0.0,33.058,-0.9099999999999966,0,0.0,1,-0.32999999999999996
DEV-00080,2026-01-05 03:00:00,Router,61.08,22.46,46.39,769.74,54,0.6,64.79,12,8,"%LINK-3-UPDOWN: Interface Gi0/1 flaps, errors count 54",NONE,0,59.08200000000001,1.5599999999999952,0,-1.7699999999999996,45.618,2.539999999999999,0,3.0,1,0.19
DEV-00081,2026-01-05 03:00:00,Switch,6.45,24.92,46.68,51.25,50,0.94,32.33,18,0,NORMAL_OPERATIONAL_STATE,NONE,0,5.29,1.2999999999999998,0,-1.4099999999999966,45.984,0.740000000000002,0,0.0,1,-0.3900000000000001
DEV-00082,2026-01-05 03:00:00,Switch,51.6,36.77,32.61,801.27,51,0.51,76.79,21,8,"%LINK-3-UPDOWN: Interface Gi0/1 flaps, errors count 51",NONE,0,48.730000000000004,12.120000000000005,0,-0.9699999999999989,32.446,0.28000000000000114,0,2.0,1,0.25
DEV-00083,2026-01-05 03:00:00,Router,51.85,10.43,21.79,49.22,51,0.0,37.37,20,8,"%LINK-3-UPDOWN: Interface Gi0/1 flaps, errors count 51",NONE,0,54.120000000000005,-6.059999999999995,0,-4.720000000000001,20.762,1.7899999999999991,0,3.0,1,-0.12
DEV-00084,2026-01-05 03:00:00,Switch,43.98,44.56,100.0,265.65,686,0.87,70.08,404,10,%ENVIRONMENT-3-THERMAL_CRITICAL: Temperature reached 100.0C,HARDWARE,1,45.89,-1.9400000000000048,0,-2.4099999999999966,100.0,0.0,0,181.0,1,-0.13
DEV-00085,2026-01-05 03:00:00,Switch,11.4,14.39,20.14,534.34,1254,25.0,82.98,148,8,"%LINK-3-UPDOWN: Interface Gi0/1 flaps, errors count 1254",NONE,0,11.656,-0.7799999999999994,0,-3.289999999999999,20.279999999999998,-0.8000000000000007,0,382.0,1,0.0
DEV-00086,2026-01-05 03:00:00,Router,14.7,27.98,33.61,194.78,1363,25.0,40.24,155,8,"%LINK-3-UPDOWN: Interface Gi0/1 flaps, errors count 1363",INTERFACE,1,12.440000000000001,3.049999999999999,0,0.5700000000000003,34.696,-0.5600000000000023,0,387.0,1,0.0
DEV-00087,2026-01-05 03:00:00,Router,47.8,21.11,33.55,660.92,69,0.86,49.98,24,8,"%LINK-3-UPDOWN: Interface Gi0/1 flaps, errors count 69",NONE,0,46.608,2.3799999999999955,0,1.5199999999999996,34.606,-1.1700000000000017,0,2.0,1,0.16000000000000003
DEV-00088,2026-01-05 03:00:00,Switch,23.32,22.7,100.0,390.6,985,1.31,46.62,593,10,%ENVIRONMENT-3-THERMAL_CRITICAL: Temperature reached 100.0C,NONE,0,21.566000000000003,3.0199999999999996,0,-2.210000000000001,100.0,0.0,0,188.0,1,0.43000000000000005
DEV-00089,2026-01-05 03:00:00,Switch,32.12,59.63,45.29,31.64,52,1.84,39.4,25,8,"%LINK-3-UPDOWN: Interface Gi0/1 flaps, errors count 52",NONE,0,30.836000000000002,0.0799999999999983,0,-0.3499999999999943,44.94199999999999,1.1999999999999957,0,3.0,1,-0.06999999999999984
DEV-00090,2026-01-05 03:00:00,Switch,100.0,30.11,100.0,188.57,57,0.85,57.81,430,10,%ENVIRONMENT-3-THERMAL_CRITICAL: Temperature reached 100.0C,THERMAL,1,100.0,0.0,0,0.6999999999999993,100.0,0.0,0,3.0,1,0.12
DEV-00091,2026-01-05 03:00:00,Router,30.77,33.98,32.49,586.46,46,0.83,29.08,18,0,NORMAL_OPERATIONAL_STATE,NONE,0,27.878000000000004,1.9499999999999993,0,-3.6400000000000006,32.20399999999999,0.10999999999999943,0,3.0,1,0.61
DEV-00092,2026-01-05 03:00:00,Router,19.43,34.88,59.9,433.15,38,1.78,74.51,19,0,NORMAL_OPERATIONAL_STATE,NONE,0,17.601999999999997,0.4400000000000013,0,-1.0599999999999952,59.254,0.5599999999999952,0,3.0,1,0.10000000000000009
DEV-00093,2026-01-05 03:00:00,Switch,45.41,53.43,42.94,141.22,42,1.48,73.07,21,0,NORMAL_OPERATIONAL_STATE,NONE,0,46.174,-4.25,0,3.9099999999999966,43.160000000000004,0.3499999999999943,0,2.0,1,0.3799999999999999
DEV-00094,2026-01-05 03:00:00,Switch,8.0,100.0,38.7,766.76,46,0.62,8.71,511,10,"%SYS-2-MALLOCFAIL: Memory allocation failed, usage at 100.0%",NONE,0,8.016,0.7400000000000002,0,0.0,37.866,1.980000000000004,0,1.0,1,-0.15000000000000002
DEV-00095,2026-01-05 03:00:00,Router,37.48,100.0,23.82,757.74,51,0.13,42.02,284,10,"%SYS-2-MALLOCFAIL: Memory allocation failed, usage at 100.0%",NONE,0,33.760000000000005,3.739999999999995,0,0.0,23.951999999999998,-0.8999999999999986,0,2.0,1,0.13
DEV-00096,2026-01-05 03:00:00,Switch,100.0,30.07,100.0,646.63,51,0.16,10.76,208,10,%ENVIRONMENT-3-THERMAL_CRITICAL: Temperature reached 100.0C,NONE,0,100.0,0.0,0,-2.700000000000003,100.0,0.0,0,0.0,1,-0.21
DEV-00097,2026-01-05 03:00:00,Switch,6.52,28.77,100.0,713.16,835,1.13,82.33,506,10,%ENVIRONMENT-3-THERMAL_CRITICAL: Temperature reached 100.0C,NONE,0,7.031999999999999,-2.4299999999999997,0,-1.1400000000000006,100.0,0.0,0,188.0,1,0.09999999999999987
DEV-00098,2026-01-05 03:00:00,Router,36.16,29.73,38.02,140.21,46,0.13,29.57,24,0,NORMAL_OPERATIONAL_STATE,NONE,0,33.76,2.739999999999995,0,0.46000000000000085,36.478,2.3800000000000026,0,2.0,1,0.0
DEV-00099,2026-01-05 03:00:00,Switch,37.01,32.86,20.0,801.27,51,0.54,7.54,21,8,"%LINK-3-UPDOWN: Interface Gi0/1 flaps, errors count 51",NONE,0,35.254,3.719999999999999,0,-0.5,21.03,-1.7899999999999991,0,3.0,1,-0.14
DEV-00100,2026-01-05 03:00:00,Switch,13.89,45.33,47.2,287.46,52,0.18,53.31,31,8,"%LINK-3-UPDOWN: Interface Gi0/1 flaps, errors count 52",NONE,0,11.258000000000001,5.040000000000001,0,0.8099999999999952,45.568,3.470000000000006,0,4.0,1,0.06999999999999999
DEV-00101,2026-01-05 03:00:00,Switch,100.0,36.84,20.78,180.59,50,25.0,100.0,22,6,"%QOS-4-BUFFER_FULL: Interface buffer saturated, loss 25.0%",CONGESTION,1,100.0,0.0,0,-2.029999999999994,20.508,-0.6199999999999974,0,2.0,1,0.0
DEV-00102,2026-01-05 03:00:00,Switch,11.55,39.46,45.94,209.48,55,1.04,68.66,25,8,"%LINK-3-UPDOWN: Interface Gi0/1 flaps, errors count 55",NONE,0,13.457999999999998,-1.6600000000000001,0,0.10999999999999943,47.488,-5.480000000000004,0,2.0,1,0.050000000000000044
DEV-00103,2026-01-05 03:00:00,Switch,21.75,56.36,45.79,625.21,54,1.79,52.21,18,8,"%LINK-3-UPDOWN: Interface Gi0/1 flaps, errors count 54",NONE,0,19.064,6.289999999999999,0,3.979999999999997,45.717999999999996,0.269999999999996,0,2.0,1,-0.050000000000000044
DEV-00104,2026-01-05 03:00:00,Switch,60.35,43.23,25.9,210.65,44,0.75,16.97,13,0,NORMAL_OPERATIONAL_STATE,NONE,0,60.69,-3.1400000000000006,0,-2.0900000000000034,24.669999999999998,1.3099999999999987,0,3.0,1,-0.43999999999999995
DEV-00105,2026-01-05 03:00:00,Switch,100.0,17.94,33.11,176.78,51,25.0,100.0,18,8,"%LINK-3-UPDOWN: Interface Gi0/1 flaps, errors count 51",CONGESTION,1,100.0,0.0,0,-1.5,33.452,0.519999999999996,0,2.0,1,0.0
DEV-00106,2026-01-05 03:00:00,Switch,40.12,40.91,26.68,131.36,48,0.93,51.73,17,0,NORMAL_OPERATIONAL_STATE,NONE,0,39.164,-0.35999999999999943,0,1.6099999999999994,29.048000000000002,-3.5199999999999996,0,1.0,1,0.020000000000000018
DEV-00107,2026-01-05 03:00:00,Router,15.77,33.7,43.71,570.86,46,1.47,58.57,22,0,NORMAL_OPERATIONAL_STATE,NONE,0,15.038,0.3099999999999987,0,-0.519999999999996,42.524,1.5300000000000011,0,2.0,1,0.17999999999999994
DEV-00108,2026-01-05 03:00:00,Switch,23.48,28.2,31.08,760.41,2267,25.0,43.44,249,8,"%LINK-3-UPDOWN: Interface Gi0/1 flaps, errors count 2267",INTERFACE,1,22.532,7.109999999999999,0,0.05999999999999872,30.891999999999996,0.08999999999999986,0,407.0,1,0.0
DEV-00109,2026-01-05 03:00:00,Switch,18.61,42.12,36.05,140.0,60,2.54,6.69,24,8,"%LINK-3-UPDOWN: Interface Gi0/1 flaps, errors count 60",NONE,0,21.381999999999998,-5.32,0,1.4199999999999946,36.372,0.23999999999999488,0,5.0,1,-0.25
DEV-00110,2026-01-05 03:00:00,Switch,100.0,36.48,27.64,264.75,41,25.0,100.0,20,6,"%QOS-4-BUFFER_FULL: Interface buffer saturated, loss 25.0%",CONGESTION,1,100.0,0.0,0,0.14999999999999858,28.653999999999996,-3.759999999999998,0,1.0,1,0.0
DEV-00111,2026-01-05 03:00:00,Switch,51.99,24.24,27.72,25.75,40,0.62,34.59,18,0,NORMAL_OPERATIONAL_STATE,NONE,0,49.434000000000005,6.600000000000001,0,1.5699999999999967,27.306,0.7999999999999972,0,0.0,1,0.10999999999999999
DEV-00112,2026-01-05 03:00:00,Router,48.3,54.77,25.94,448.2,56,0.46,28.49,17,8,"%LINK-3-UPDOWN: Interface Gi0/1 flaps, errors count 56",NONE,0,47.218,-0.6099999999999994,0,-0.7199999999999989,27.236,-2.2399999999999984,0,0.0,1,-0.2
DEV-00113,2026-01-05 03:00:00,Router,20.07,25.36,25.81,145.57,41,1.11,44.82,30,0,NORMAL_OPERATIONAL_STATE,NONE,0,21.21,-2.419999999999998,0,-3.7699999999999996,25.436,0.4299999999999997,0,2.0,1,-0.21999999999999997
DEV-00114,2026-01-05 03:00:00,Switch,11.01,50.19,47.59,159.99,1821,25.0,29.48,200,8,"%LINK-3-UPDOWN: Interface Gi0/1 flaps, errors count 1821",INTERFACE,1,10.802,-2.2300000000000004,0,-2.1799999999999997,47.812,2.3400000000000034,0,394.0,1,0.0
DEV-00115,2026-01-05 03:00:00,Router,61.66,33.9,30.99,338.88,51,0.82,5.6,25,8,"%LINK-3-UPDOWN: Interface Gi0/1 flaps, errors count 51",NONE,0,58.936,6.049999999999997,0,-3.460000000000001,29.232,2.1499999999999986,0,4.0,1,0.07999999999999996
DEV-00116,2026-01-05 03:00:00,Switch,36.41,32.93,40.45,477.59,63,0.16,28.7,19,8,"%LINK-3-UPDOWN: Interface Gi0/1 flaps, errors count 63",NONE,0,36.788,-3.3400000000000034,0,-1.1899999999999977,39.56,0.09000000000000341,0,4.0,1,-0.07
DEV-00117,2026-01-05 03:00:00,Router,16.83,57.59,35.41,483.8,50,1.82,14.73,20,0,NORMAL_OPERATIONAL_STATE,NONE,0,17.868000000000002,-3.1400000000000006,0,-0.6499999999999986,36.029999999999994,-0.8400000000000034,0,1.0,1,0.20999999999999996
DEV-00118,2026-01-05 03:00:00,Router,63.56,100.0,24.55,471.09,43,0.17,31.99,281,10,"%SYS-2-MALLOCFAIL: Memory allocation failed, usage at 100.0%",NONE,0,63.96400000000001,-3.950000000000003,0,0.0,23.492,1.8599999999999994,0,2.0,1,0.17
DEV-00119,2026-01-05 03:00:00,Switch,8.47,29.32,37.09,482.49,56,2.01,74.54,29,8,"%LINK-3-UPDOWN: Interface Gi0/1 flaps, errors count 56",NONE,0,8.698,0.9300000000000006,0,1.379999999999999,37.3,0.19000000000000483,0,3.0,1,-0.1900000000000004
DEV-00120,2026-01-05 03:00:00,Switch,38.76,52.65,36.89,773.88,66,0.79,91.97,18,8,"%LINK-3-UPDOWN: Interface Gi0/1 flaps, errors count 66",NONE,0,37.862,6.449999999999996,0,-0.5700000000000003,35.230000000000004,2.25,0,4.0,1,-0.05999999999999994
DEV-00121,2026-01-05 03:00:00,Router,71.85,34.74,100.0,234.99,832,0.08,10.92,508,10,%ENVIRONMENT-3-THERMAL_CRITICAL: Temperature reached 100.0C,HARDWARE,1,67.24,8.129999999999995,0,-0.39000000000000057,100.0,0.0,0,187.0,1,-0.20999999999999996
DEV-00122,2026-01-05 03:00:00,Router,40.11,35.09,27.18,298.67,63,1.69,9.92,36,8,"%LINK-3-UPDOWN: Interface Gi0/1 flaps, errors count 63",NONE,0,39.434000000000005,5.149999999999999,0,4.480000000000004,28.387999999999998,-2.629999999999999,0,0.0,1,-0.020000000000000018
DEV-00123,2026-01-05 03:00:00,Switch,14.54,42.69,28.77,178.89,1913,25.0,55.47,210,8,"%LINK-3-UPDOWN: Interface Gi0/1 flaps, errors count 1913",INTERFACE,1,15.336000000000002,-3.5100000000000016,0,2.1899999999999977,27.218,1.5,0,390.0,1,0.0
DEV-00124,2026-01-05 03:00:00,Router,56.3,20.5,53.41,190.82,55,1.2,8.65,16,8,"%LINK-3-UPDOWN: Interface Gi0/1 flaps, errors count 55",NONE,0,58.444,0.6699999999999946,0,-2.34,53.462,0.6899999999999977,0,1.0,1,0.07000000000000006
DEV-00125,2026-01-05 03:00:00,Switch,9.69,22.5,38.13,540.55,1216,25.0,41.62,134,8,"%LINK-3-UPDOWN: Interface Gi0/1 flaps, errors count 1216",NONE,0,8.536,0.46999999999999886,0,-2.4499999999999993,37.024,1.9400000000000048,0,376.0,1,0.0
DEV-00126,2026-01-05 03:00:00,Switch,22.36,37.47,23.48,503.64,62,0.54,17.47,20,8,"%LINK-3-UPDOWN: Interface Gi0/1 flaps, errors count 62",NONE,0,22.71,-2.3599999999999994,0,-4.630000000000003,22.976000000000003,-0.030000000000001137,0,1.0,1,0.22000000000000003
DEV-00127,2026-01-05 03:00:00,Router,22.94,49.51,26.86,253.75,51,1.1,13.49,13,8,"%LINK-3-UPDOWN: Interface Gi0/1 flaps, errors count 51",NONE,0,23.816,-1.8499999999999979,0,3.489999999999995,25.479999999999997,2.0500000000000007,0,1.0,1,0.040000000000000036
DEV-00128,2026-01-05 03:00:00,Switch,37.57,18.62,26.22,167.92,49,0.1,58.52,25,0,NORMAL_OPERATIONAL_STATE,NONE,0,35.367999999999995,4.579999999999998,0,1.2200000000000024,25.85,1.2799999999999976,0,3.0,1,-0.04999999999999999
DEV-00129,2026-01-05 03:00:00,Router,30.14,100.0,27.99,122.48,55,0.08,30.03,543,10,"%SYS-2-MALLOCFAIL: Memory allocation failed, usage at 100.0%",NONE,0,29.568,-1.0999999999999979,0,0.0,26.881999999999998,0.21999999999999886,0,1.0,1,0.07
DEV-00130,2026-01-05 03:00:00,Router,44.38,61.44,26.68,270.66,50,0.34,43.57,16,0,NORMAL_OPERATIONAL_STATE,NONE,0,43.364000000000004,5.039999999999999,0,0.6899999999999977,27.183999999999997,-1.370000000000001,0,2.0,1,-0.24999999999999994
DEV-00131,2026-01-05 03:00:00,Switch,14.98,35.62,47.93,215.36,52,0.6,20.35,17,8,"%LINK-3-UPDOWN: Interface Gi0/1 flaps, errors count 52",NONE,0,17.762,0.0600000000000005,0,-0.7800000000000011,48.37,0.9799999999999969,0,4.0,1,0.04999999999999993
DEV-00132,2026-01-05 03:00:00,Switch,17.9,23.98,39.52,551.55,50,0.74,62.4,15,0,NORMAL_OPERATIONAL_STATE,NONE,0,17.330000000000002,-0.40000000000000213,0,-3.710000000000001,38.914,2.6300000000000026,0,0.0,1,0.12
DEV-00133,2026-01-05 03:00:00,Router,9.21,13.78,23.94,626.14,56,0.0,45.9,12,8,"%LINK-3-UPDOWN: Interface Gi0/1 flaps, errors count 56",NONE,0,6.9079999999999995,4.210000000000001,0,0.5499999999999989,23.922,0.13000000000000256,0,3.0,1,-0.1
DEV-00134,2026-01-05 03:00:00,Router,5.88,37.72,47.32,778.78,54,0.86,41.61,25,8,"%LINK-3-UPDOWN: Interface Gi0/1 flaps, errors count 54",NONE,0,6.5,0.8799999999999999,0,-1.5900000000000034,46.462,2.4100000000000037,0,4.0,1,-0.020000000000000018
DEV-00135,2026-01-05 03:00:00,Router,16.45,11.74,100.0,890.15,991,0.82,42.66,604,10,%ENVIRONMENT-3-THERMAL_CRITICAL: Temperature reached 100.0C,NONE,0,15.494,5.559999999999999,0,-1.2400000000000002,100.0,0.0,0,188.0,1,0.21999999999999997
DEV-00136,2026-01-05 03:00:00,Router,22.08,32.0,23.94,321.2,58,0.62,16.78,18,8,"%LINK-3-UPDOWN: Interface Gi0/1 flaps, errors count 58",NONE,0,24.139999999999997,-0.9600000000000009,0,1.1099999999999994,24.357999999999997,-0.5799999999999983,0,1.0,1,-0.32999999999999996
DEV-00137,2026-01-05 03:00:00,Switch,37.45,19.15,32.93,443.94,66,0.27,13.25,19,8,"%LINK-3-UPDOWN: Interface Gi0/1 flaps, errors count 66",NONE,0,38.048,0.39000000000000057,0,1.7399999999999984,32.926,0.5899999999999963,0,2.0,1,0.08000000000000002
DEV-00138,2026-01-05 03:00:00,Switch,30.83,100.0,26.69,99.44,63,1.33,58.3,400,10,"%SYS-2-MALLOCFAIL: Memory allocation failed, usage at 100.0%",NONE,0,24.520000000000003,9.52,0,0.0,27.594,-0.9499999999999993,0,1.0,1,-0.06999999999999984
DEV-00139,2026-01-05 03:00:00,Switch,44.65,100.0,44.75,140.62,56,0.79,51.73,440,10,"%SYS-2-MALLOCFAIL: Memory allocation failed, usage at 100.0%",NONE,0,42.873999999999995,1.5499999999999972,0,0.0,44.118,0.6099999999999994,0,1.0,1,0.33
DEV-00140,2026-01-05 03:00:00,Switch,8.28,40.3,54.23,500.0,2627,25.0,29.58,288,8,"%LINK-3-UPDOWN: Interface Gi0/1 flaps, errors count 2627",INTERFACE,1,11.957999999999998,-7.4300000000000015,0,0.6799999999999997,55.166,-0.730000000000004,0,408.0,1,0.0
DEV-00141,2026-01-05 03:00:00,Switch,39.32,35.83,35.73,272.44,57,0.55,16.28,21,8,"%LINK-3-UPDOWN: Interface Gi0/1 flaps, errors count 57",NONE,0,40.581999999999994,-3.009999999999998,0,-0.8500000000000014,35.839999999999996,-0.39000000000000057,0,2.0,1,0.21000000000000002
DEV-00142,2026-01-05 03:00:00,Switch,16.07,48.42,27.89,503.64,59,0.3,27.29,26,8,"%LINK-3-UPDOWN: Interface Gi0/1 flaps, errors count 59",NONE,0,15.496,-1.4600000000000009,0,-1.6199999999999974,27.052,1.2199999999999989,0,3.0,1,0.3
DEV-00143,2026-01-05 03:00:00,Switch,38.21,42.5,27.84,227.33,1902,25.0,10.3,202,8,"%LINK-3-UPDOWN: Interface Gi0/1 flaps, errors count 1902",INTERFACE,1,40.2,0.259999999999998,0,2.8299999999999983,29.498,-2.5,0,395.0,1,0.0
DEV-00144,2026-01-05 03:00:00,Router,88.49,38.42,52.08,188.45,63,0.18,5.0,28,8,"%LINK-3-UPDOWN: Interface Gi0/1 flaps, errors count 63",NONE,0,88.87,2.6700000000000017,0,-1.0599999999999952,52.234,0.519999999999996,0,3.0,1,0.18
DEV-00145,2026-01-05 03:00:00,Switch,52.35,36.22,20.0,159.9,56,0.32,60.15,29,8,"%LINK-3-UPDOWN: Interface Gi0/1 flaps, errors count 56",NONE,0,53.52,-5.019999999999996,0,-1.6200000000000045,20.556,-0.5700000000000003,0,6.0,1,-0.36999999999999994
DEV-00146,2026-01-05 03:00:00,Switch,84.73,36.6,47.09,353.6,56,1.6,7.44,16,8,"%LINK-3-UPDOWN: Interface Gi0/1 flaps, errors count 56",NONE,0,83.86000000000001,3.910000000000011,0,3.0900000000000034,46.188,1.220000000000006,0,1.0,1,0.17000000000000015
DEV-00147,2026-01-05 03:00:00,Switch,29.66,100.0,28.87,139.7,49,1.15,46.95,298,10,"%SYS-2-MALLOCFAIL: Memory allocation failed, usage at 100.0%",NONE,0,31.532,-6.319999999999997,0,0.0,28.814,1.1999999999999993,0,7.0,1,0.020000000000000018
DEV-00148,2026-01-05 03:00:00,Switch,19.59,37.26,100.0,457.42,619,2.04,75.6,359,10,%ENVIRONMENT-3-THERMAL_CRITICAL: Temperature reached 100.0C,NONE,0,18.160000000000004,4.879999999999999,0,3.1499999999999986,100.0,0.0,0,182.0,1,-0.18999999999999995
DEV-00149,2026-01-05 03:00:00,Switch,62.74,28.24,41.52,288.57,71,1.49,24.11,11,8,"%LINK-3-UPDOWN: Interface Gi0/1 flaps, errors count 71",NONE,0,63.64,0.3999999999999986,0,1.8099999999999987,42.176,-0.3200000000000003,0,4.0,1,-0.06000000000000005
DEV-00150,2026-01-05 03:00:00,Switch,24.86,42.17,42.79,460.78,68,2.08,29.54,18,8,"%LINK-3-UPDOWN: Interface Gi0/1 flaps, errors count 68",NONE,0,25.668,0.6600000000000001,0,0.6600000000000037,43.802,-0.6099999999999994,0,5.0,1,0.3400000000000001
DEV-00151,2026-01-05 03:00:00,Switch,19.81,57.01,38.92,427.65,65,1.26,90.28,21,8,"%LINK-3-UPDOWN: Interface Gi0/1 flaps, errors count 65",NONE,0,19.686,5.889999999999999,0,4.699999999999996,38.89,0.6400000000000006,0,4.0,1,0.1100000000000001
DEV-00152,2026-01-05 03:00:00,Router,39.96,62.81,35.45,145.13,52,0.56,31.54,23,8,"%LINK-3-UPDOWN: Interface Gi0/1 flaps, errors count 52",NONE,0,38.08200000000001,3.740000000000002,0,-3.780000000000001,35.95,0.5400000000000063,0,4.0,1,0.030000000000000027
DEV-00153,2026-01-05 03:00:00,Router,42.64,100.0,41.0,173.24,49,3.59,5.0,535,10,"%SYS-2-MALLOCFAIL: Memory allocation failed, usage at 100.0%",NONE,0,39.86,6.5,0,0.0,41.42,-0.3200000000000003,0,1.0,1,0.0
DEV-00154,2026-01-05 03:00:00,Router,11.82,10.0,100.0,621.71,680,0.74,7.55,407,10,%ENVIRONMENT-3-THERMAL_CRITICAL: Temperature reached 100.0C,NONE,0,11.846,-6.23,0,-0.8100000000000005,100.0,0.0,0,180.0,1,0.08999999999999997
DEV-00155,2026-01-05 03:00:00,Switch,26.38,39.47,100.0,430.14,1016,0.16,82.57,613,10,%ENVIRONMENT-3-THERMAL_CRITICAL: Temperature reached 100.0C,NONE,0,27.15,-0.5600000000000023,0,3.3100000000000023,100.0,0.0,0,191.0,1,-0.30999999999999994
DEV-00156,2026-01-05 03:00:00,Switch,25.36,51.49,29.9,498.81,61,0.8,60.63,22,8,"%LINK-3-UPDOWN: Interface Gi0/1 flaps, errors count 61",NONE,0,29.998,-8.869999999999997,0,2.990000000000002,29.7,-0.25,0,6.0,1,-0.30000000000000004
DEV-00157,2026-01-05 03:00:00,Switch,26.4,40.64,100.0,951.1,1039,2.3,13.01,629,10,%ENVIRONMENT-3-THERMAL_CRITICAL: Temperature reached 100.0C,NONE,0,28.512,-6.0,0,-3.6899999999999977,100.0,0.0,0,189.0,1,0.7199999999999998
DEV-00158,2026-01-05 03:00:00,Router,13.24,49.57,34.3,430.81,67,0.74,51.78,21,8,"%LINK-3-UPDOWN: Interface Gi0/1 flaps, errors count 67",NONE,0,13.758000000000001,0.620000000000001,0,2.8299999999999983,35.124,0.44999999999999574,0,4.0,1,0.010000000000000009
DEV-00159,2026-01-05 03:00:00,Router,7.58,50.41,50.55,376.99,1814,25.0,34.59,193,8,"%LINK-3-UPDOWN: Interface Gi0/1 flaps, errors count 1814",INTERFACE,1,9.163999999999998,-4.41,0,-0.0800000000000054,50.58,-0.8400000000000034,0,398.0,1,0.0
DEV-00160,2026-01-05 03:00:00,Switch,32.21,100.0,53.59,165.26,50,1.83,13.13,492,10,"%SYS-2-MALLOCFAIL: Memory allocation failed, usage at 100.0%",NONE,0,31.440000000000005,4.699999999999999,0,0.0,56.077999999999996,-3.7099999999999937,0,3.0,1,-0.31000000000000005
DEV-00161,2026-01-05 03:00:00,Router,41.34,10.0,30.89,193.64,2351,25.0,10.04,255,8,"%LINK-3-UPDOWN: Interface Gi0/1 flaps, errors count 2351",INTERFACE,1,41.382,-1.6399999999999935,0,0.0,31.704,-2.9399999999999977,0,401.0,1,0.0
DEV-00162,2026-01-05 03:00:00,Switch,10.7,45.1,34.24,652.01,46,0.38,67.94,16,0,NORMAL_OPERATIONAL_STATE,NONE,0,11.884,0.379999999999999,0,-0.030000000000001137,33.8,0.23000000000000398,0,3.0,1,-0.07
DEV-00163,2026-01-05 03:00:00,Router,58.85,40.08,27.26,340.25,60,1.53,79.45,20,8,"%LINK-3-UPDOWN: Interface Gi0/1 flaps, errors count 60",NONE,0,56.938,5.109999999999999,0,-0.1600000000000037,27.942,-3.479999999999997,0,4.0,1,-0.010000000000000009
DEV-00164,2026-01-05 03:00:00,Switch,28.98,32.64,30.04,455.92,51,0.14,11.62,16,8,"%LINK-3-UPDOWN: Interface Gi0/1 flaps, errors count 51",NONE,0,27.637999999999998,2.8000000000000007,0,0.3999999999999986,30.088,0.07000000000000028,0,3.0,1,0.12000000000000001
DEV-00165,2026-01-05 03:00:00,Router,5.26,24.84,31.54,238.39,55,0.99,41.22,26,8,"%LINK-3-UPDOWN: Interface Gi0/1 flaps, errors count 55",NONE,0,5.798,-1.4300000000000006,0,-3.5199999999999996,32.838,-4.369999999999997,0,3.0,1,-0.020000000000000018
DEV-00166,2026-01-05 03:00:00,Router,26.06,36.27,100.0,733.85,905,0.0,30.48,546,10,%ENVIRONMENT-3-THERMAL_CRITICAL: Temperature reached 100.0C,NONE,0,23.413999999999998,4.59,0,-2.6499999999999986,100.0,0.0,0,190.0,1,-0.27
DEV-00167,2026-01-05 03:00:00,Router,100.0,43.76,36.0,542.83,39,25.0,100.0,21,6,"%QOS-4-BUFFER_FULL: Interface buffer saturated, loss 25.0%",CONGESTION,1,100.0,0.0,0,-2.6000000000000014,36.692,-1.3100000000000023,0,0.0,1,0.0
DEV-00168,2026-01-05 03:00:00,Router,44.18,13.41,21.91,148.93,54,0.73,41.18,19,8,"%LINK-3-UPDOWN: Interface Gi0/1 flaps, errors count 54",NONE,0,44.858,2.020000000000003,0,0.7300000000000004,21.908,0.2699999999999996,0,2.0,1,0.020000000000000018
DEV-00169,2026-01-05 03:00:00,Router,7.61,45.81,43.5,791.4,50,0.58,45.44,22,0,NORMAL_OPERATIONAL_STATE,NONE,0,8.597999999999999,-2.6000000000000005,0,0.9200000000000017,44.760000000000005,-1.1199999999999974,0,0.0,1,0.29999999999999993
DEV-00170,2026-01-05 03:00:00,Router,22.21,41.15,28.05,387.81,42,1.43,12.67,19,0,NORMAL_OPERATIONAL_STATE,NONE,0,18.54,2.5700000000000003,0,2.229999999999997,28.535999999999994,-0.370000000000001,0,0.0,1,0.32999999999999985
DEV-00171,2026-01-05 03:00:00,Router,5.0,11.21,33.15,186.79,44,2.35,5.0,20,0,NORMAL_OPERATIONAL_STATE,NONE,0,7.246,-1.6799999999999997,0,1.2100000000000009,32.702,-0.46999999999999886,0,0.0,1,0.30000000000000027
DEV-00172,2026-01-05 03:00:00,Switch,13.79,41.63,32.3,370.14,50,0.33,55.66,34,0,NORMAL_OPERATIONAL_STATE,NONE,0,16.072,-4.449999999999999,0,-1.4899999999999949,32.471999999999994,0.7399999999999984,0,4.0,1,0.23
DEV-00173,2026-01-05 03:00:00,Switch,29.25,24.7,37.82,46.21,1844,25.0,52.72,197,8,"%LINK-3-UPDOWN: Interface Gi0/1 flaps, errors count 1844",INTERFACE,1,31.810000000000002,-5.039999999999999,0,-2.280000000000001,37.056,2.240000000000002,0,394.0,1,0.0
DEV-00174,2026-01-05 03:00:00,Router,31.91,39.78,21.97,758.13,68,1.67,27.46,21,8,"%LINK-3-UPDOWN: Interface Gi0/1 flaps, errors count 68",NONE,0,31.927999999999997,-4.800000000000001,0,4.539999999999999,22.322,-0.5800000000000018,0,4.0,1,0.06999999999999984
DEV-00175,2026-01-05 03:00:00,Switch,26.53,17.84,31.2,436.0,49,0.0,18.66,20,0,NORMAL_OPERATIONAL_STATE,NONE,0,27.698,-4.649999999999999,0,-2.1999999999999993,30.657999999999998,-1.1999999999999993,0,0.0,1,-0.25
DEV-00176,2026-01-05 03:00:00,Switch,100.0,20.99,100.0,682.19,45,0.79,29.99,324,10,%ENVIRONMENT-3-THERMAL_CRITICAL: Temperature reached 100.0C,THERMAL,1,100.0,0.0,0,-0.15000000000000213,100.0,0.0,0,1.0,1,0.34
DEV-00177,2026-01-05 03:00:00,Switch,10.68,37.05,25.61,306.51,47,0.84,9.62,24,0,NORMAL_OPERATIONAL_STATE,NONE,0,10.988,3.12,0,-2.230000000000004,25.484,0.6899999999999977,0,4.0,1,-0.41000000000000003
DEV-00178,2026-01-05 03:00:00,Switch,13.07,43.6,52.32,19.47,56,1.01,69.69,19,8,"%LINK-3-UPDOWN: Interface Gi0/1 flaps, errors count 56",NONE,0,10.734,4.0,0,1.9100000000000037,53.258,-0.29999999999999716,0,4.0,1,-0.08000000000000007
DEV-00179,2026-01-05 03:00:00,Router,44.87,55.28,30.88,782.07,52,0.33,78.71,14,8,"%LINK-3-UPDOWN: Interface Gi0/1 flaps, errors count 52",NONE,0,45.046,5.899999999999999,0,-1.490000000000002,30.738,0.23999999999999844,0,0.0,1,0.19
DEV-00180,2026-01-05 03:00:00,Router,35.02,28.38,29.46,399.57,59,0.82,5.0,15,8,"%LINK-3-UPDOWN: Interface Gi0/1 flaps, errors count 59",NONE,0,38.244,-6.18,0,-2.1900000000000013,30.060000000000002,-2.6599999999999966,0,6.0,1,0.29999999999999993
DEV-00181,2026-01-05 03:00:00,Switch,21.13,42.19,44.92,38.61,49,1.38,46.46,16,0,NORMAL_OPERATIONAL_STATE,NONE,0,23.933999999999997,-6.740000000000002,0,-0.9400000000000048,45.294000000000004,-1.259999999999998,0,1.0,1,-0.13000000000000012
DEV-00182,2026-01-05 03:00:00,Switch,100.0,21.01,100.0,154.13,43,1.55,37.18,299,10,%ENVIRONMENT-3-THERMAL_CRITICAL: Temperature reached 100.0C,NONE,0,100.0,0.0,0,-0.31999999999999673,100.0,0.0,0,0.0,1,-0.09999999999999987
DEV-00183,2026-01-05 03:00:00,Router,33.52,50.85,100.0,904.62,790,1.15,18.39,472,10,%ENVIRONMENT-3-THERMAL_CRITICAL: Temperature reached 100.0C,NONE,0,34.664,-6.939999999999998,0,-2.990000000000002,100.0,0.0,0,182.0,1,0.21999999999999986
DEV-00184,2026-01-05 03:00:00,Switch,100.0,31.06,22.23,584.66,48,25.0,100.0,14,6,"%QOS-4-BUFFER_FULL: Interface buffer saturated, loss 25.0%",CONGESTION,1,100.0,0.0,0,1.0299999999999976,23.284,-1.370000000000001,0,0.0,1,0.0
DEV-00185,2026-01-05 03:00:00,Switch,12.98,47.16,100.0,564.36,602,1.01,65.64,363,10,%ENVIRONMENT-3-THERMAL_CRITICAL: Temperature reached 100.0C,NONE,0,11.197999999999999,6.260000000000001,0,0.9499999999999957,100.0,0.0,0,179.0,1,-0.1499999999999999
DEV-00186,2026-01-05 03:00:00,Switch,100.0,45.99,29.84,374.39,50,25.0,100.0,24,6,"%QOS-4-BUFFER_FULL: Interface buffer saturated, loss 25.0%",CONGESTION,1,100.0,0.0,0,4.039999999999999,29.118000000000002,0.8500000000000014,0,3.0,1,0.0
DEV-00187,2026-01-05 03:00:00,Switch,31.97,39.94,30.02,417.41,57,1.35,5.0,22,8,"%LINK-3-UPDOWN: Interface Gi0/1 flaps, errors count 57",NONE,0,30.222,6.719999999999999,0,2.0700000000000003,31.169999999999998,-0.9100000000000001,0,1.0,1,0.22999999999999998
DEV-00188,2026-01-05 03:00:00,Router,25.85,48.42,100.0,231.17,842,0.41,27.79,517,10,%ENVIRONMENT-3-THERMAL_CRITICAL: Temperature reached 100.0C,NONE,0,24.714,5.240000000000002,0,-0.11999999999999744,100.0,0.0,0,185.0,1,0.02999999999999997
DEV-00189,2026-01-05 03:00:00,Router,6.92,52.59,100.0,923.49,1051,0.53,5.0,626,10,%ENVIRONMENT-3-THERMAL_CRITICAL: Temperature reached 100.0C,NONE,0,5.99,1.92,0,-2.7099999999999937,100.0,0.0,0,187.0,1,-0.04999999999999993
DEV-00190,2026-01-05 03:00:00,Router,29.94,38.23,36.65,101.86,54,2.11,14.79,20,8,"%LINK-3-UPDOWN: Interface Gi0/1 flaps, errors count 54",NONE,0,30.125999999999998,-0.6999999999999993,0,-0.8900000000000006,37.054,-2.1799999999999997,0,0.0,1,0.16999999999999993
DEV-00191,2026-01-05 03:00:00,Router,31.82,37.7,31.8,247.45,60,0.57,15.85,14,8,"%LINK-3-UPDOWN: Interface Gi0/1 flaps, errors count 60",NONE,0,33.736000000000004,-3.9200000000000017,0,-4.239999999999995,32.696,0.5800000000000018,0,2.0,1,0.21999999999999997
DEV-00192,2026-01-05 03:00:00,Switch,25.88,20.66,27.63,716.21,64,1.55,99.66,24,8,"%LINK-3-UPDOWN: Interface Gi0/1 flaps, errors count 64",NONE,0,23.602,5.800000000000001,0,-2.2600000000000016,28.7,-1.0300000000000011,0,3.0,1,0.44999999999999996
DEV-00193,2026-01-05 03:00:00,Switch,29.52,42.99,31.76,626.69,49,0.37,9.99,34,0,NORMAL_OPERATIONAL_STATE,NONE,0,35.446,-9.570000000000004,0,-1.6099999999999994,30.107999999999997,3.4400000000000013,0,5.0,1,-0.010000000000000009
DEV-00194,2026-01-05 03:00:00,Router,57.61,35.59,21.68,51.18,57,1.88,73.69,23,8,"%LINK-3-UPDOWN: Interface Gi0/1 flaps, errors count 57",NONE,0,55.886,-0.5700000000000003,0,0.5,21.82,-0.39000000000000057,0,3.0,1,0.1399999999999999
DEV-00195,2026-01-05 03:00:00,Router,10.84,38.35,44.72,227.78,50,0.69,69.94,22,0,NORMAL_OPERATIONAL_STATE,NONE,0,10.102,1.2899999999999991,0,1.990000000000002,44.596,-0.28999999999999915,0,1.0,1,0.29999999999999993
DEV-00196,2026-01-05 03:00:00,Router,11.76,14.64,34.93,570.21,47,0.26,41.69,12,0,NORMAL_OPERATIONAL_STATE,NONE,0,7.837999999999999,0.9000000000000004,0,1.17,35.556,-0.36999999999999744,0,2.0,1,0.26
DEV-00197,2026-01-05 03:00:00,Router,7.19,40.35,100.0,539.48,551,0.17,30.28,324,10,%ENVIRONMENT-3-THERMAL_CRITICAL: Temperature reached 100.0C,NONE,0,5.882,2.1900000000000004,0,0.37000000000000455,100.0,0.0,0,177.0,1,-0.06999999999999998
DEV-00198,2026-01-05 03:00:00,Switch,18.24,35.33,42.76,709.49,44,0.62,10.19,18,0,NORMAL_OPERATIONAL_STATE,NONE,0,16.433999999999997,1.6699999999999982,0,-1.8700000000000045,42.73199999999999,0.28999999999999915,0,2.0,1,0.38
DEV-00199,2026-01-05 03:00:00,Switch,26.39,32.43,29.7,577.6,51,1.01,32.11,22,8,"%LINK-3-UPDOWN: Interface Gi0/1 flaps, errors count 51",NONE,0,27.098000000000003,-1.1699999999999982,0,0.9600000000000009,29.401999999999997,-0.19000000000000128,0,2.0,1,0.33999999999999997
DEV-00200,2026-01-05 03:00:00,Switch,24.87,30.75,24.89,313.65,45,1.68,67.79,27,0,NORMAL_OPERATIONAL_STATE,NONE,0,27.901999999999997,-6.609999999999999,0,4.359999999999999,23.444,1.5500000000000007,0,1.0,1,-0.3600000000000001
DEV-00201,2026-01-05 03:00:00,Router,36.81,44.23,100.0,724.2,1223,0.62,56.25,732,10,%ENVIRONMENT-3-THERMAL_CRITICAL: Temperature reached 100.0C,HARDWARE,1,37.08200000000001,-0.21000000000000085,0,0.23999999999999488,100.0,0.0,0,192.0,1,-0.21999999999999997
DEV-00202,2026-01-05 03:00:00,Router,5.0,22.09,34.83,245.88,47,1.04,58.18,23,0,NORMAL_OPERATIONAL_STATE,NONE,0,5.498,-0.6900000000000004,0,-0.6700000000000017,35.538,-1.4299999999999997,0,0.0,1,0.10000000000000009
DEV-00203,2026-01-05 03:00:00,Switch,44.04,100.0,39.2,630.66,51,0.74,5.0,512,10,"%SYS-2-MALLOCFAIL: Memory allocation failed, usage at 100.0%",NONE,0,43.184000000000005,0.03999999999999915,0,0.0,38.794,0.4299999999999997,0,1.0,1,0.09999999999999998
DEV-00204,2026-01-05 03:00:00,Switch,100.0,17.29,100.0,523.39,55,0.46,72.35,215,10,%ENVIRONMENT-3-THERMAL_CRITICAL: Temperature reached 100.0C,THERMAL,1,100.0,0.0,0,-2.0600000000000023,100.0,0.0,0,3.0,1,-0.10000000000000003
DEV-00205,2026-01-05 03:00:00,Switch,14.9,24.67,36.48,320.82,56,0.12,76.23,15,8,"%LINK-3-UPDOWN: Interface Gi0/1 flaps, errors count 56",NONE,0,15.209999999999999,-5.5600000000000005,0,-2.9899999999999984,37.498000000000005,-1.5600000000000023,0,2.0,1,-0.03
DEV-00206,2026-01-05 03:00:00,Router,5.0,25.75,54.7,512.59,57,2.92,19.74,24,8,"%LINK-3-UPDOWN: Interface Gi0/1 flaps, errors count 57",NONE,0,6.989999999999999,-6.42,0,1.0599999999999987,52.720000000000006,4.170000000000002,0,1.0,1,0.27
DEV-00207,2026-01-05 03:00:00,Router,12.1,27.38,35.46,377.3,2265,25.0,36.65,245,8,"%LINK-3-UPDOWN: Interface Gi0/1 flaps, errors count 2265",INTERFACE,1,14.690000000000001,-3.9000000000000004,0,-1.1500000000000021,37.35,-2.1999999999999957,0,400.0,1,0.0
DEV-00208,2026-01-05 03:00:00,Router,17.97,45.29,36.37,407.77,47,0.93,32.2,18,0,NORMAL_OPERATIONAL_STATE,NONE,0,14.982,6.43,0,2.030000000000001,35.802,1.2999999999999972,0,2.0,1,0.12
DEV-00209,2026-01-05 03:00:00,Router,5.0,42.3,52.55,669.39,53,0.16,22.05,24,8,"%LINK-3-UPDOWN: Interface Gi0/1 flaps, errors count 53",NONE,0,6.24,-3.369999999999999,0,0.5399999999999991,51.69,2.2099999999999937,0,1.0,1,0.010000000000000009
DEV-00210,2026-01-05 03:00:00,Router,27.18,100.0,46.72,772.7,49,2.14,75.24,375,10,"%SYS-2-MALLOCFAIL: Memory allocation failed, usage at 100.0%",NONE,0,29.068,1.0399999999999991,0,0.0,45.16,3.5899999999999963,0,1.0,1,-0.04999999999999982
DEV-00211,2026-01-05 03:00:00,Switch,5.0,45.76,25.59,214.69,1520,25.0,29.26,167,8,"%LINK-3-UPDOWN: Interface Gi0/1 flaps, errors count 1520",NONE,0,8.086,-3.9299999999999997,0,-0.37000000000000455,26.560000000000002,-2.5500000000000007,0,388.0,1,0.0
DEV-00212,2026-01-05 03:00:00,Switch,15.81,58.63,24.89,324.21,55,0.0,55.4,27,8,"%LINK-3-UPDOWN: Interface Gi0/1 flaps, errors count 55",NONE,0,14.402000000000001,4.290000000000001,0,2.520000000000003,23.762,2.6000000000000014,0,4.0,1,-0.08
DEV-00213,2026-01-05 03:00:00,Router,100.0,31.54,28.27,94.59,62,25.0,100.0,27,8,"%LINK-3-UPDOWN: Interface Gi0/1 flaps, errors count 62",CONGESTION,1,100.0,0.0,0,-2.0600000000000023,28.966,-0.25,0,4.0,1,0.0
DEV-00214,2026-01-05 03:00:00,Router,77.9,48.83,36.16,127.78,2430,25.0,46.52,269,8,"%LINK-3-UPDOWN: Interface Gi0/1 flaps, errors count 2430",INTERFACE,1,77.322,4.340000000000003,0,5.210000000000001,35.416000000000004,-0.3200000000000003,0,401.0,1,0.0
DEV-00215,2026-01-05 03:00:00,Router,7.34,33.5,30.4,177.76,1529,25.0,73.7,169,8,"%LINK-3-UPDOWN: Interface Gi0/1 flaps, errors count 1529",INTERFACE,1,8.4,-3.1500000000000004,0,-1.8100000000000023,31.184000000000005,-2.8100000000000023,0,386.0,1,0.0
DEV-00216,2026-01-05 03:00:00,Switch,21.27,16.84,25.37,237.32,44,0.39,7.53,14,0,NORMAL_OPERATIONAL_STATE,NONE,0,22.602,-7.260000000000002,0,0.46000000000000085,25.93,-1.25,0,1.0,1,-0.17999999999999994
DEV-00217,2026-01-05 03:00:00,Switch,51.21,21.09,40.04,254.48,46,0.76,70.25,22,0,NORMAL_OPERATIONAL_STATE,NONE,0,52.20799999999999,-5.839999999999996,0,0.07000000000000028,39.662,1.3500000000000014,0,2.0,1,-0.020000000000000018
DEV-00218,2026-01-05 03:00:00,Router,100.0,35.26,100.0,659.42,55,0.0,34.34,344,10,%ENVIRONMENT-3-THERMAL_CRITICAL: Temperature reached 100.0C,THERMAL,1,100.0,0.0,0,-0.7600000000000051,100.0,0.0,0,3.0,1,0.0
DEV-00219,2026-01-05 03:00:00,Router,45.0,31.38,26.6,609.69,51,0.81,78.95,27,8,"%LINK-3-UPDOWN: Interface Gi0/1 flaps, errors count 51",NONE,0,47.364,-1.1400000000000006,0,1.3699999999999974,27.445999999999998,-0.9499999999999993,0,0.0,1,0.3400000000000001
DEV-00220,2026-01-05 03:00:00,Switch,28.51,100.0,49.36,573.87,61,0.19,52.41,429,10,"%SYS-2-MALLOCFAIL: Memory allocation failed, usage at 100.0%",NONE,0,32.160000000000004,-7.569999999999997,0,0.0,47.93599999999999,2.5799999999999983,0,2.0,1,-0.15000000000000002
DEV-00221,2026-01-05 03:00:00,Router,5.0,33.01,47.09,787.2,47,1.72,51.88,22,0,NORMAL_OPERATIONAL_STATE,NONE,0,5.226000000000001,0.0,0,-0.7600000000000051,47.522,-0.9199999999999946,0,3.0,1,-0.07000000000000006
DEV-00222,2026-01-05 03:00:00,Router,15.91,27.17,31.78,23.19,1242,25.0,19.59,146,8,"%LINK-3-UPDOWN: Interface Gi0/1 flaps, errors count 1242",NONE,0,18.077999999999996,-6.91,0,0.6800000000000033,31.212,1.2699999999999996,0,380.0,1,0.0
DEV-00223,2026-01-05 03:00:00,Switch,7.3,39.99,38.42,327.44,43,0.16,74.34,14,0,NORMAL_OPERATIONAL_STATE,NONE,0,6.651999999999999,1.0499999999999998,0,2.0,38.184,3.3800000000000026,0,1.0,1,0.05
DEV-00224,2026-01-05 03:00:00,Switch,13.25,25.94,49.62,672.1,51,2.44,14.54,24,8,"%LINK-3-UPDOWN: Interface Gi0/1 flaps, errors count 51",NONE,0,13.662,-2.74,0,1.990000000000002,49.094,1.1499999999999986,0,1.0,1,-0.18000000000000016
DEV-00225,2026-01-05 03:00:00,Router,16.99,12.99,22.2,278.07,56,0.58,52.52,20,8,"%LINK-3-UPDOWN: Interface Gi0/1 flaps, errors count 56",NONE,0,18.406,-2.84,0,-4.880000000000001,21.662,1.6799999999999997,0,2.0,1,-0.31000000000000005
DEV-00226,2026-01-05 03:00:00,Router,47.21,29.87,100.0,791.14,1082,1.46,27.07,655,10,%ENVIRONMENT-3-THERMAL_CRITICAL: Temperature reached 100.0C,HARDWARE,1,42.972,6.369999999999997,0,1.3100000000000023,100.0,0.0,0,192.0,1,-0.25
DEV-00227,2026-01-05 03:00:00,Switch,19.69,55.15,43.1,781.0,52,0.24,46.27,18,8,"%LINK-3-UPDOWN: Interface Gi0/1 flaps, errors count 52",NONE,0,19.660000000000004,2.360000000000003,0,4.439999999999998,44.114,-1.9200000000000017,0,0.0,1,0.01999999999999999
DEV-00228,2026-01-05 03:00:00,Router,20.33,65.02,28.41,241.26,54,0.37,91.68,15,8,"%LINK-3-UPDOWN: Interface Gi0/1 flaps, errors count 54",NONE,0,19.7,4.719999999999999,0,1.0699999999999932,28.445999999999998,0.6499999999999986,0,2.0,1,0.0
DEV-00229,2026-01-05 03:00:00,Router,17.6,34.75,30.17,506.85,46,0.77,28.77,22,0,NORMAL_OPERATIONAL_STATE,NONE,0,16.984,4.410000000000002,0,1.6700000000000017,31.22,-2.309999999999995,0,0.0,1,-0.32000000000000006
DEV-00230,2026-01-05 03:00:00,Switch,100.0,33.4,34.63,762.09,45,25.0,100.0,24,6,"%QOS-4-BUFFER_FULL: Interface buffer saturated, loss 25.0%",CONGESTION,1,100.0,0.0,0,2.0299999999999976,33.494,0.10999999999999943,0,3.0,1,0.0
DEV-00231,2026-01-05 03:00:00,Switch,30.5,33.33,27.09,753.82,54,0.5,47.15,20,8,"%LINK-3-UPDOWN: Interface Gi0/1 flaps, errors count 54",NONE,0,31.727999999999998,-1.9600000000000009,0,0.05999999999999517,27.5,-2.460000000000001,0,2.0,1,-0.38
DEV-00232,2026-01-05 03:00:00,Switch,30.91,38.31,30.17,651.85,55,0.78,63.19,22,8,"%LINK-3-UPDOWN: Interface Gi0/1 flaps, errors count 55",NONE,0,32.662,-7.4999999999999964,0,-0.8999999999999986,30.224,-0.75,0,5.0,1,0.010000000000000009
DEV-00233,2026-01-05 03:00:00,Switch,24.87,32.44,37.54,53.68,1266,25.0,52.65,151,8,"%LINK-3-UPDOWN: Interface Gi0/1 flaps, errors count 1266",INTERFACE,1,22.092000000000002,6.260000000000002,0,3.799999999999997,38.366,-2.969999999999999,0,381.0,1,0.0
DEV-00234,2026-01-05 03:00:00,Switch,24.37,21.29,45.66,650.19,1884,25.0,28.4,195,8,"%LINK-3-UPDOWN: Interface Gi0/1 flaps, errors count 1884",INTERFACE,1,21.467999999999996,6.32,0,2.919999999999998,48.022000000000006,-3.9100000000000037,0,409.0,1,0.0
DEV-00235,2026-01-05 03:00:00,Router,19.19,42.78,37.88,277.72,1483,25.0,50.61,166,8,"%LINK-3-UPDOWN: Interface Gi0/1 flaps, errors count 1483",INTERFACE,1,15.476000000000003,2.9700000000000024,0,0.35999999999999943,37.408,1.1099999999999994,0,397.0,1,0.0
DEV-00236,2026-01-05 03:00:00,Switch,5.82,100.0,28.66,487.25,42,1.52,28.55,467,10,"%SYS-2-MALLOCFAIL: Memory allocation failed, usage at 100.0%",NONE,0,5.718,0.8200000000000003,0,0.0,27.834000000000003,3.0599999999999987,0,1.0,1,-0.3500000000000001
DEV-00237,2026-01-05 03:00:00,Router,14.69,43.27,40.28,69.86,58,1.66,8.97,22,8,"%LINK-3-UPDOWN: Interface Gi0/1 flaps, errors count 58",NONE,0,13.562000000000001,3.7799999999999994,0,2.0500000000000043,39.510000000000005,1.1899999999999977,0,3.0,1,0.039999999999999813
DEV-00238,2026-01-05 03:00:00,Switch,12.27,64.34,33.76,296.11,56,0.0,13.69,21,8,"%LINK-3-UPDOWN: Interface Gi0/1 flaps, errors count 56",NONE,0,13.040000000000001,0.4399999999999995,0,0.8200000000000003,33.962,1.3500000000000014,0,0.0,1,0.0
DEV-00239,2026-01-05 03:00:00,Router,22.05,36.66,34.54,411.64,60,0.72,16.77,22,8,"%LINK-3-UPDOWN: Interface Gi0/1 flaps, errors count 60",NONE,0,25.262,-3.3999999999999986,0,0.6499999999999986,35.262,-1.3400000000000034,0,1.0,1,0.010000000000000009
DEV-00240,2026-01-05 03:00:00,Router,5.0,41.78,36.42,15.74,56,0.34,36.43,27,8,"%LINK-3-UPDOWN: Interface Gi0/1 flaps, errors count 56",NONE,0,7.356,-1.8099999999999996,0,-1.5799999999999983,36.970000000000006,-2.289999999999999,0,3.0,1,-0.10999999999999999
DEV-00241,2026-01-05 03:00:00,Router,14.39,25.78,33.54,189.83,54,1.63,60.17,20,8,"%LINK-3-UPDOWN: Interface Gi0/1 flaps, errors count 54",NONE,0,15.196000000000002,-4.620000000000001,0,0.4800000000000004,34.92,-3.460000000000001,0,1.0,1,0.07999999999999985
DEV-00242,2026-01-05 03:00:00,Switch,7.66,17.78,45.09,454.1,44,1.36,49.65,30,0,NORMAL_OPERATIONAL_STATE,NONE,0,12.328000000000001,-9.52,0,0.9600000000000009,44.827999999999996,-0.779999999999994,0,0.0,1,0.13000000000000012
DEV-00243,2026-01-05 03:00:00,Router,16.24,28.62,28.63,106.76,52,0.11,14.44,31,8,"%LINK-3-UPDOWN: Interface Gi0/1 flaps, errors count 52",NONE,0,13.575999999999999,5.029999999999998,0,-0.5899999999999999,29.324,-1.1600000000000001,0,4.0,1,0.11
DEV-00244,2026-01-05 03:00:00,Router,42.85,33.07,34.19,68.71,2592,25.0,14.7,284,8,"%LINK-3-UPDOWN: Interface Gi0/1 flaps, errors count 2592",INTERFACE,1,42.94,0.030000000000001137,0,3.1900000000000013,34.374,-0.6500000000000057,0,401.0,1,0.0
DEV-00245,2026-01-05 03:00:00,Router,54.49,30.77,28.53,370.69,1877,25.0,28.94,203,8,"%LINK-3-UPDOWN: Interface Gi0/1 flaps, errors count 1877",INTERFACE,1,50.8,7.010000000000005,0,-0.6400000000000006,29.162,-2.5700000000000003,0,402.0,1,0.0
DEV-00246,2026-01-05 03:00:00,Router,16.82,14.81,48.76,47.34,51,1.39,6.83,26,8,"%LINK-3-UPDOWN: Interface Gi0/1 flaps, errors count 51",NONE,0,13.998000000000001,5.43,0,-1.429999999999998,47.224000000000004,3.009999999999998,0,4.0,1,-0.24
DEV-00247,2026-01-05 03:00:00,Router,12.38,43.65,31.26,590.26,54,0.6,27.38,20,8,"%LINK-3-UPDOWN: Interface Gi0/1 flaps, errors count 54",NONE,0,14.412,-4.15,0,-0.8700000000000045,32.720000000000006,-3.0100000000000016,0,2.0,1,-0.010000000000000009
DEV-00248,2026-01-05 03:00:00,Switch,32.66,20.32,26.77,513.44,57,0.38,55.7,26,8,"%LINK-3-UPDOWN: Interface Gi0/1 flaps, errors count 57",NONE,0,32.022000000000006,3.009999999999998,0,-2.129999999999999,27.832,-2.710000000000001,0,3.0,1,0.19
DEV-00249,2026-01-05 03:00:00,Router,100.0,42.96,100.0,319.6,54,0.0,63.83,250,10,%ENVIRONMENT-3-THERMAL_CRITICAL: Temperature reached 100.0C,THERMAL,1,100.0,0.0,0,-2.8999999999999986,100.0,0.0,0,2.0,1,-0.03
DEV-00250,2026-01-05 03:00:00,Router,24.45,21.17,35.46,204.95,51,0.88,38.69,20,8,"%LINK-3-UPDOWN: Interface Gi0/1 flaps, errors count 51",NONE,0,26.806,-0.39000000000000057,0,2.8800000000000026,36.608,-0.9600000000000009,0,1.0,1,0.17000000000000004
DEV-00251,2026-01-05 03:00:00,Switch,45.48,61.98,41.83,229.0,2593,25.0,77.19,272,8,"%LINK-3-UPDOWN: Interface Gi0/1 flaps, errors count 2593",INTERFACE,1,46.160000000000004,-0.7000000000000028,0,4.589999999999996,43.306,-2.1600000000000037,0,408.0,1,0.0
DEV-00252,2026-01-05 03:00:00,Switch,56.38,36.47,46.67,628.81,1709,25.0,5.49,191,8,"%LINK-3-UPDOWN: Interface Gi0/1 flaps, errors count 1709",INTERFACE,1,54.181999999999995,3.8400000000000034,0,3.019999999999996,46.318000000000005,1.1300000000000026,0,394.0,1,0.0
DEV-00253,2026-01-05 03:00:00,Router,100.0,16.78,41.5,665.38,42,25.0,100.0,26,6,"%QOS-4-BUFFER_FULL: Interface buffer saturated, loss 25.0%",CONGESTION,1,100.0,0.0,0,-2.1499999999999986,42.59400000000001,-1.0799999999999983,0,1.0,1,0.0
DEV-00254,2026-01-05 03:00:00,Router,26.52,46.14,42.04,465.38,52,0.97,52.13,19,8,"%LINK-3-UPDOWN: Interface Gi0/1 flaps, errors count 52",NONE,0,26.324,0.629999999999999,0,7.799999999999997,42.178000000000004,0.21000000000000085,0,4.0,1,0.33999999999999997
DEV-00255,2026-01-05 03:00:00,Router,100.0,31.27,22.37,572.03,52,25.0,100.0,32,8,"%LINK-3-UPDOWN: Interface Gi0/1 flaps, errors count 52",CONGESTION,1,100.0,0.0,0,-0.7900000000000027,23.360000000000003,-1.8499999999999979,0,2.0,1,0.0
DEV-00256,2026-01-05 03:00:00,Switch,49.5,45.85,38.88,700.21,62,0.88,5.0,26,8,"%LINK-3-UPDOWN: Interface Gi0/1 flaps, errors count 62",NONE,0,46.288,5.579999999999998,0,3.1499999999999986,38.44,1.990000000000002,0,5.0,1,-0.17000000000000004
DEV-00257,2026-01-05 03:00:00,Switch,19.37,38.34,38.63,300.49,1917,25.0,40.02,202,8,"%LINK-3-UPDOWN: Interface Gi0/1 flaps, errors count 1917",INTERFACE,1,22.178000000000004,-4.579999999999998,0,1.1300000000000026,39.074,-1.0,0,395.0,1,0.0
DEV-00258,2026-01-05 03:00:00,Switch,7.99,100.0,20.02,654.27,57,0.48,47.74,596,10,"%SYS-2-MALLOCFAIL: Memory allocation failed, usage at 100.0%",NONE,0,7.859999999999999,-1.9499999999999993,0,0.0,20.368,-2.0100000000000016,0,3.0,1,-0.26
DEV-00259,2026-01-05 03:00:00,Switch,46.15,30.72,100.0,612.56,710,0.57,31.9,428,10,%ENVIRONMENT-3-THERMAL_CRITICAL: Temperature reached 100.0C,HARDWARE,1,49.118,-3.770000000000003,0,0.8499999999999979,100.0,0.0,0,186.0,1,0.09999999999999998
DEV-00260,2026-01-05 03:00:00,Router,69.72,37.14,33.97,493.58,61,1.4,30.25,26,8,"%LINK-3-UPDOWN: Interface Gi0/1 flaps, errors count 61",NONE,0,68.8,0.3100000000000023,0,-3.979999999999997,32.674,1.5300000000000011,0,1.0,1,0.10999999999999988
DEV-00261,2026-01-05 03:00:00,Switch,31.37,50.37,40.81,783.14,49,0.0,34.99,24,0,NORMAL_OPERATIONAL_STATE,NONE,0,33.784000000000006,-3.2699999999999996,0,1.259999999999998,41.834,-1.4499999999999957,0,3.0,1,-0.64
DEV-00262,2026-01-05 03:00:00,Router,30.23,24.92,29.12,180.69,45,0.1,42.31,30,0,NORMAL_OPERATIONAL_STATE,NONE,0,29.198,2.960000000000001,0,-3.139999999999997,28.836000000000002,0.5100000000000016,0,1.0,1,-0.06
DEV-00263,2026-01-05 03:00:00,Router,24.27,16.83,46.43,271.91,2376,25.0,6.01,255,8,"%LINK-3-UPDOWN: Interface Gi0/1 flaps, errors count 2376",INTERFACE,1,18.97,11.12,0,-0.120000000000001,45.260000000000005,0.4799999999999969,0,402.0,1,0.0
DEV-00264,2026-01-05 03:00:00,Switch,5.0,100.0,26.41,74.59,56,1.43,68.05,359,10,"%SYS-2-MALLOCFAIL: Memory allocation failed, usage at 100.0%",NONE,0,5.956,-5.9,0,0.0,26.24,1.3599999999999994,0,3.0,1,-0.08000000000000007
DEV-00265,2026-01-05 03:00:00,Switch,33.68,29.34,42.17,399.56,49,0.62,37.48,22,0,NORMAL_OPERATIONAL_STATE,NONE,0,31.291999999999994,1.5300000000000011,0,3.1999999999999993,42.692,1.8500000000000014,0,4.0,1,-0.16000000000000003
DEV-00266,2026-01-05 03:00:00,Switch,100.0,31.94,27.34,262.13,59,25.0,100.0,26,8,"%LINK-3-UPDOWN: Interface Gi0/1 flaps, errors count 59",CONGESTION,1,100.0,0.0,0,0.7699999999999996,28.264,-1.4100000000000001,0,1.0,1,0.0
DEV-00267,2026-01-05 03:00:00,Switch,6.9,32.22,34.15,273.47,62,2.62,54.55,19,8,"%LINK-3-UPDOWN: Interface Gi0/1 flaps, errors count 62",NONE,0,5.92,-1.4499999999999993,0,3.219999999999999,32.356,1.2299999999999969,0,3.0,1,0.020000000000000018
DEV-00268,2026-01-05 03:00:00,Router,23.7,32.25,28.93,308.18,45,0.93,5.0,22,0,NORMAL_OPERATIONAL_STATE,NONE,0,23.136,-1.7300000000000004,0,1.3599999999999994,29.095999999999997,-1.3599999999999994,0,1.0,1,0.43000000000000005
DEV-00269,2026-01-05 03:00:00,Switch,59.03,38.51,100.0,740.46,1112,1.52,32.62,670,10,%ENVIRONMENT-3-THERMAL_CRITICAL: Temperature reached 100.0C,HARDWARE,1,60.484,-2.3799999999999955,0,0.18999999999999773,100.0,0.0,0,190.0,1,-0.040000000000000036
DEV-00270,2026-01-05 03:00:00,Switch,24.35,29.6,47.36,186.55,39,1.47,10.07,17,0,NORMAL_OPERATIONAL_STATE,NONE,0,26.288,-6.299999999999997,0,1.740000000000002,47.154,-0.20000000000000284,0,4.0,1,0.15999999999999992
DEV-00271,2026-01-05 03:00:00,Router,37.46,42.02,42.23,88.25,49,0.83,58.59,19,0,NORMAL_OPERATIONAL_STATE,NONE,0,35.47,-2.5899999999999963,0,0.37000000000000455,41.690000000000005,0.509999999999998,0,2.0,1,0.29999999999999993
DEV-00272,2026-01-05 03:00:00,Switch,5.0,37.94,45.22,399.11,65,0.39,35.33,14,8,"%LINK-3-UPDOWN: Interface Gi0/1 flaps, errors count 65",NONE,0,5.148000000000001,-0.6200000000000001,0,-2.200000000000003,47.166000000000004,0.030000000000001137,0,4.0,1,-0.22999999999999998
DEV-00273,2026-01-05 03:00:00,Switch,30.76,43.37,21.22,733.55,68,0.59,85.88,20,8,"%LINK-3-UPDOWN: Interface Gi0/1 flaps, errors count 68",NONE,0,31.748,-4.580000000000002,0,0.12999999999999545,21.11,-1.1500000000000021,0,5.0,1,0.029999999999999916
DEV-00274,2026-01-05 03:00:00,Router,15.25,38.42,23.03,201.77,47,0.8,30.66,14,0,NORMAL_OPERATIONAL_STATE,NONE,0,13.193999999999999,-1.1900000000000013,0,0.0799999999999983,22.395999999999997,1.3900000000000006,0,2.0,1,0.030000000000000027
DEV-00275,2026-01-05 03:00:00,Router,11.67,100.0,26.91,201.34,38,0.26,15.14,305,10,"%SYS-2-MALLOCFAIL: Memory allocation failed, usage at 100.0%",NONE,0,11.976,5.4799999999999995,0,0.0,26.887999999999998,0.629999999999999,0,0.0,1,-0.08999999999999997
DEV-00276,2026-01-05 03:00:00,Router,25.94,30.63,42.52,245.25,53,0.57,28.95,22,8,"%LINK-3-UPDOWN: Interface Gi0/1 flaps, errors count 53",NONE,0,27.724,-7.859999999999996,0,2.3099999999999987,40.96,3.6200000000000045,0,0.0,1,-0.21000000000000008
DEV-00277,2026-01-05 03:00:00,Router,100.0,46.09,39.91,282.59,42,25.0,100.0,18,6,"%QOS-4-BUFFER_FULL: Interface buffer saturated, loss 25.0%",CONGESTION,1,100.0,0.0,0,-1.9899999999999949,40.476,-1.0700000000000003,0,1.0,1,0.0
DEV-00278,2026-01-05 03:00:00,Router,49.08,34.16,41.03,753.2,2389,25.0,61.32,254,8,"%LINK-3-UPDOWN: Interface Gi0/1 flaps, errors count 2389",INTERFACE,1,51.46,-2.210000000000001,0,3.1199999999999974,42.112,-1.5,0,403.0,1,0.0
DEV-00279,2026-01-05 03:00:00,Router,100.0,39.8,32.44,163.79,53,25.0,100.0,20,8,"%LINK-3-UPDOWN: Interface Gi0/1 flaps, errors count 53",CONGESTION,1,100.0,0.0,0,-0.07000000000000028,32.032,1.6899999999999977,0,2.0,1,0.0
DEV-00280,2026-01-05 03:00:00,Router,100.0,33.94,27.06,721.66,51,25.0,100.0,13,8,"%LINK-3-UPDOWN: Interface Gi0/1 flaps, errors count 51",CONGESTION,1,100.0,0.0,0,-1.0,27.21,-1.2800000000000011,0,2.0,1,0.0
DEV-00281,2026-01-05 03:00:00,Switch,5.94,21.28,100.0,352.47,930,1.26,64.26,562,10,%ENVIRONMENT-3-THERMAL_CRITICAL: Temperature reached 100.0C,NONE,0,5.476,0.6000000000000005,0,-4.009999999999998,100.0,0.0,0,186.0,1,0.020000000000000018
DEV-00282,2026-01-05 03:00:00,Switch,28.04,56.45,32.57,272.33,45,2.04,24.22,22,0,NORMAL_OPERATIONAL_STATE,NONE,0,25.386,5.93,0,-3.8200000000000003,33.736000000000004,-2.509999999999998,0,1.0,1,-0.020000000000000018
DEV-00283,2026-01-05 03:00:00,Switch,16.21,39.12,32.37,67.28,48,0.33,30.99,20,0,NORMAL_OPERATIONAL_STATE,NONE,0,16.708000000000002,-0.5,0,1.4299999999999997,33.2,-2.260000000000005,0,3.0,1,0.030000000000000027
DEV-00284,2026-01-05 03:00:00,Switch,14.9,37.91,28.54,791.18,2281,25.0,45.43,246,8,"%LINK-3-UPDOWN: Interface Gi0/1 flaps, errors count 2281",INTERFACE,1,16.788,1.790000000000001,0,1.3499999999999943,29.024,-2.75,0,387.0,1,0.0
DEV-00285,2026-01-05 03:00:00,Switch,55.66,31.89,29.46,123.1,48,0.36,43.77,10,0,NORMAL_OPERATIONAL_STATE,NONE,0,54.112,1.9499999999999957,0,-0.6400000000000006,30.306,0.060000000000002274,0,0.0,1,-0.42000000000000004
DEV-00286,2026-01-05 03:00:00,Router,25.09,30.53,44.42,137.43,53,0.81,11.13,24,8,"%LINK-3-UPDOWN: Interface Gi0/1 flaps, errors count 53",NONE,0,25.880000000000003,-2.2600000000000016,0,-1.4100000000000001,43.824,1.3500000000000014,0,5.0,1,0.10000000000000009
DEV-00287,2026-01-05 03:00:00,Router,5.88,43.88,37.07,550.73,41,0.31,34.8,23,0,NORMAL_OPERATIONAL_STATE,NONE,0,5.8100000000000005,-3.2700000000000005,0,2.25,36.95,0.5700000000000003,0,1.0,1,0.22
DEV-00288,2026-01-05 03:00:00,Switch,27.78,52.95,38.13,191.11,2071,25.0,18.38,221,8,"%LINK-3-UPDOWN: Interface Gi0/1 flaps, errors count 2071",INTERFACE,1,29.377999999999997,-2.049999999999997,0,2.1700000000000017,38.964,-3.6999999999999957,0,398.0,1,0.0
DEV-00289,2026-01-05 03:00:00,Switch,12.93,41.67,30.76,309.2,53,0.37,36.19,17,8,"%LINK-3-UPDOWN: Interface Gi0/1 flaps, errors count 53",NONE,0,14.725999999999999,-6.990000000000002,0,-0.5,31.224,-0.09999999999999787,0,4.0,1,-0.010000000000000009
DEV-00290,2026-01-05 03:00:00,Switch,24.82,43.73,33.37,345.32,53,0.17,40.52,22,8,"%LINK-3-UPDOWN: Interface Gi0/1 flaps, errors count 53",NONE,0,22.348000000000003,2.3900000000000006,0,3.1599999999999966,33.208,-0.970000000000006,0,3.0,1,0.17
DEV-00291,2026-01-05 03:00:00,Switch,27.56,37.58,100.0,963.14,914,0.26,5.0,546,10,%ENVIRONMENT-3-THERMAL_CRITICAL: Temperature reached 100.0C,NONE,0,27.65,-1.4800000000000004,0,1.9299999999999997,100.0,0.0,0,188.0,1,0.05000000000000002
DEV-00292,2026-01-05 03:00:00,Router,100.0,25.26,36.56,212.59,39,25.0,100.0,30,6,"%QOS-4-BUFFER_FULL: Interface buffer saturated, loss 25.0%",CONGESTION,1,100.0,0.0,0,-2.66,36.994,0.07000000000000028,0,2.0,1,0.0
DEV-00293,2026-01-05 03:00:00,Router,73.29,56.61,26.12,691.35,65,0.23,27.84,22,8,"%LINK-3-UPDOWN: Interface Gi0/1 flaps, errors count 65",NONE,0,74.38000000000001,-4.8999999999999915,0,1.769999999999996,27.028,-1.1799999999999997,0,3.0,1,-0.27
DEV-00294,2026-01-05 03:00:00,Router,19.44,29.52,39.95,254.72,58,1.33,50.8,28,8,"%LINK-3-UPDOWN: Interface Gi0/1 flaps, errors count 58",NONE,0,20.714000000000002,-1.0700000000000003,0,-2.150000000000002,39.692,1.4000000000000057,0,4.0,1,0.41000000000000003
DEV-00295,2026-01-05 03:00:00,Switch,18.46,12.54,33.85,140.27,42,0.13,17.18,20,0,NORMAL_OPERATIONAL_STATE,NONE,0,20.613999999999997,-0.00999999999999801,0,-3.6799999999999997,32.838,2.0100000000000016,0,2.0,1,-0.12
DEV-00296,2026-01-05 03:00:00,Switch,10.44,41.64,38.04,345.97,54,1.56,63.57,22,8,"%LINK-3-UPDOWN: Interface Gi0/1 flaps, errors count 54",NONE,0,9.914,1.8499999999999996,0,-3.259999999999998,38.510000000000005,0.01999999999999602,0,0.0,1,0.26
DEV-00297,2026-01-05 03:00:00,Router,8.39,42.43,21.34,461.36,51,0.66,15.28,19,8,"%LINK-3-UPDOWN: Interface Gi0/1 flaps, errors count 51",NONE,0,10.64,-6.24,0,4.390000000000001,20.948,1.2699999999999996,0,3.0,1,0.21000000000000002
DEV-00298,2026-01-05 03:00:00,Router,54.37,25.42,28.41,83.36,59,0.36,48.21,22,8,"%LINK-3-UPDOWN: Interface Gi0/1 flaps, errors count 59",NONE,0,56.56999999999999,-5.410000000000004,0,1.5200000000000031,27.722,0.33999999999999986,0,5.0,1,0.36
DEV-00299,2026-01-05 03:00:00,Switch,15.66,39.17,44.63,185.0,45,1.05,28.29,29,0,NORMAL_OPERATIONAL_STATE,NONE,0,14.756,0.8800000000000008,0,0.7199999999999989,44.072,3.190000000000005,0,1.0,1,0.29000000000000004
DEV-00300,2026-01-05 03:00:00,Switch,13.26,34.13,30.24,785.23,42,0.57,43.06,16,0,NORMAL_OPERATIONAL_STATE,NONE,0,9.064,6.52,0,-1.2199999999999989,29.684000000000005,1.0299999999999976,0,2.0,1,0.12999999999999995
DEV-00301,2026-01-05 03:00:00,Switch,55.07,57.83,38.31,49.95,57,1.1,5.0,16,8,"%LINK-3-UPDOWN: Interface Gi0/1 flaps, errors count 57",NONE,0,57.298,-4.969999999999999,0,6.839999999999996,39.082,-0.17999999999999972,0,4.0,1,0.08000000000000007
DEV-00302,2026-01-05 03:00:00,Router,55.05,25.39,37.1,292.09,52,1.84,52.36,17,8,"%LINK-3-UPDOWN: Interface Gi0/1 flaps, errors count 52",NONE,0,56.568000000000005,-7.210000000000001,0,-0.9399999999999977,37.989999999999995,-1.1799999999999997,0,3.0,1,-0.030000000000000027
DEV-00303,2026-01-05 03:00:00,Router,8.29,45.53,46.55,116.21,56,0.35,18.14,31,8,"%LINK-3-UPDOWN: Interface Gi0/1 flaps, errors count 56",NONE,0,10.430000000000001,-4.540000000000001,0,2.0,47.186,-2.6500000000000057,0,4.0,1,-0.030000000000000027
DEV-00304,2026-01-05 03:00:00,Switch,12.88,30.11,25.22,241.55,48,1.9,5.94,22,0,NORMAL_OPERATIONAL_STATE,NONE,0,11.656,-1.6799999999999997,0,-0.03999999999999915,25.198,1.0599999999999987,0,2.0,1,-0.20999999999999996
DEV-00305,2026-01-05 03:00:00,Router,7.85,42.14,32.42,127.45,45,0.59,47.42,21,0,NORMAL_OPERATIONAL_STATE,NONE,0,6.2700000000000005,2.8499999999999996,0,2.3200000000000003,30.663999999999998,4.130000000000003,0,2.0,1,0.18
DEV-00306,2026-01-05 03:00:00,Switch,23.16,43.53,44.04,801.72,44,0.0,23.18,23,0,NORMAL_OPERATIONAL_STATE,NONE,0,22.168,5.0,0,0.30000000000000426,44.116,0.8299999999999983,0,0.0,1,-0.13
DEV-00307,2026-01-05 03:00:00,Switch,100.0,40.63,100.0,586.33,61,0.14,34.41,251,10,%ENVIRONMENT-3-THERMAL_CRITICAL: Temperature reached 100.0C,THERMAL,1,100.0,0.0,0,-2.469999999999999,100.0,0.0,0,2.0,1,0.010000000000000009
DEV-00308,2026-01-05 03:00:00,Switch,100.0,36.09,28.26,133.21,56,25.0,100.0,18,8,"%LINK-3-UPDOWN: Interface Gi0/1 flaps, errors count 56",CONGESTION,1,100.0,0.0,0,-0.7399999999999949,27.95,-1.0,0,5.0,1,0.0
DEV-00309,2026-01-05 03:00:00,Switch,16.67,53.84,26.94,483.0,51,1.65,16.67,18,8,"%LINK-3-UPDOWN: Interface Gi0/1 flaps, errors count 51",NONE,0,17.785999999999998,-3.9499999999999993,0,1.5900000000000034,27.998,-2.129999999999999,0,4.0,1,0.06999999999999984
DEV-00310,2026-01-05 03:00:00,Router,56.68,100.0,39.06,630.23,48,0.0,97.96,452,10,"%SYS-2-MALLOCFAIL: Memory allocation failed, usage at 100.0%",NONE,0,55.682,0.3999999999999986,0,0.0,38.94199999999999,-0.8099999999999952,0,3.0,1,-0.16
DEV-00311,2026-01-05 03:00:00,Switch,22.62,35.68,33.19,540.52,67,1.3,37.93,17,8,"%LINK-3-UPDOWN: Interface Gi0/1 flaps, errors count 67",NONE,0,23.356,-1.8499999999999979,0,-2.530000000000001,32.362,0.7999999999999972,0,7.0,1,0.18999999999999995
DEV-00312,2026-01-05 03:00:00,Router,100.0,22.72,33.55,380.58,47,25.0,100.0,22,6,"%QOS-4-BUFFER_FULL: Interface buffer saturated, loss 25.0%",CONGESTION,1,100.0,0.0,0,-1.7000000000000028,34.564,-0.1700000000000017,0,2.0,1,0.0
DEV-00313,2026-01-05 03:00:00,Switch,100.0,46.35,32.99,409.13,49,25.0,100.0,16,6,"%QOS-4-BUFFER_FULL: Interface buffer saturated, loss 25.0%",CONGESTION,1,100.0,0.0,0,0.17999999999999972,34.97,-2.989999999999995,0,3.0,1,0.0
DEV-00314,2026-01-05 03:00:00,Router,36.58,30.79,100.0,274.52,716,1.06,11.56,426,10,%ENVIRONMENT-3-THERMAL_CRITICAL: Temperature reached 100.0C,NONE,0,35.834,2.739999999999995,0,0.23000000000000043,100.0,0.0,0,182.0,1,-0.30000000000000004
DEV-00315,2026-01-05 03:00:00,Router,20.16,59.31,34.46,530.0,43,1.04,63.76,24,0,NORMAL_OPERATIONAL_STATE,NONE,0,22.922,-3.120000000000001,0,-0.46000000000000085,32.779999999999994,2.4700000000000024,0,4.0,1,0.21000000000000008
DEV-00316,2026-01-05 03:00:00,Switch,48.26,36.51,43.52,592.75,46,0.9,16.64,34,0,NORMAL_OPERATIONAL_STATE,NONE,0,47.122,0.23999999999999488,0,0.22999999999999687,42.220000000000006,2.3700000000000045,0,2.0,1,0.4
DEV-00317,2026-01-05 03:00:00,Switch,21.15,30.41,32.15,658.62,56,0.59,54.94,19,8,"%LINK-3-UPDOWN: Interface Gi0/1 flaps, errors count 56",NONE,0,21.997999999999998,-2.59,0,1.0800000000000018,33.018,-3.0600000000000023,0,2.0,1,-0.010000000000000009
DEV-00318,2026-01-05 03:00:00,Switch,100.0,31.61,37.75,371.32,62,25.0,100.0,27,8,"%LINK-3-UPDOWN: Interface Gi0/1 flaps, errors count 62",CONGESTION,1,100.0,0.0,0,2.289999999999999,36.494,1.3900000000000006,0,5.0,1,0.0
DEV-00319,2026-01-05 03:00:00,Router,39.36,34.4,24.25,473.74,58,0.02,36.16,11,8,"%LINK-3-UPDOWN: Interface Gi0/1 flaps, errors count 58",NONE,0,36.078,6.159999999999997,0,0.14000000000000057,24.954,-0.3000000000000007,0,5.0,1,-0.06999999999999999
DEV-00320,2026-01-05 03:00:00,Switch,37.35,42.28,40.22,702.98,57,0.0,32.28,17,8,"%LINK-3-UPDOWN: Interface Gi0/1 flaps, errors count 57",NONE,0,40.538,-0.01999999999999602,0,-0.4099999999999966,41.096,-2.8100000000000023,0,1.0,1,-0.26
DEV-00321,2026-01-05 03:00:00,Router,9.1,38.27,42.71,356.06,61,2.17,12.14,18,8,"%LINK-3-UPDOWN: Interface Gi0/1 flaps, errors count 61",NONE,0,6.634,1.5499999999999998,0,0.75,42.602,-0.19999999999999574,0,3.0,1,-0.020000000000000018
DEV-00322,2026-01-05 03:00:00,Switch,31.33,42.65,41.16,705.52,46,0.13,73.68,26,0,NORMAL_OPERATIONAL_STATE,NONE,0,34.182,-5.969999999999999,0,1.269999999999996,40.12,1.3899999999999935,0,1.0,1,0.11
DEV-00323,2026-01-05 03:00:00,Router,19.19,34.06,21.25,765.09,1524,25.0,58.49,164,8,"%LINK-3-UPDOWN: Interface Gi0/1 flaps, errors count 1524",INTERFACE,1,15.75,7.280000000000001,0,-1.2999999999999972,21.686,-1.4299999999999997,0,385.0,1,0.0
DEV-00324,2026-01-05 03:00:00,Router,11.16,58.48,44.05,163.7,55,0.16,80.83,21,8,"%LINK-3-UPDOWN: Interface Gi0/1 flaps, errors count 55",NONE,0,7.314,4.86,0,4.949999999999996,42.78,0.9599999999999937,0,3.0,1,0.1
DEV-00325,2026-01-05 03:00:00,Router,37.82,43.0,100.0,582.4,831,0.97,5.0,491,10,%ENVIRONMENT-3-THERMAL_CRITICAL: Temperature reached 100.0C,NONE,0,36.922000000000004,0.030000000000001137,0,-0.03999999999999915,100.0,0.0,0,185.0,1,0.29999999999999993
DEV-00326,2026-01-05 03:00:00,Router,14.35,34.48,34.56,617.48,39,2.23,68.01,21,0,NORMAL_OPERATIONAL_STATE,NONE,0,16.006,-1.709999999999999,0,-1.9500000000000028,34.82000000000001,-0.7199999999999989,0,0.0,1,0.14000000000000012
DEV-00327,2026-01-05 03:00:00,Router,31.31,34.71,37.46,54.58,50,1.26,39.29,22,0,NORMAL_OPERATIONAL_STATE,NONE,0,31.588,2.139999999999997,0,2.6000000000000014,38.754000000000005,-2.259999999999998,0,1.0,1,0.09000000000000008
DEV-00328,2026-01-05 03:00:00,Switch,57.27,41.79,39.3,707.81,49,0.27,33.19,21,0,NORMAL_OPERATIONAL_STATE,NONE,0,58.432,1.9400000000000048,0,-4.719999999999999,41.474000000000004,-4.790000000000006,0,2.0,1,-0.41000000000000003
DEV-00329,2026-01-05 03:00:00,Router,40.16,27.66,100.0,859.48,727,0.85,5.0,448,10,%ENVIRONMENT-3-THERMAL_CRITICAL: Temperature reached 100.0C,NONE,0,40.221999999999994,6.519999999999996,0,-1.6699999999999982,100.0,0.0,0,185.0,1,-0.2899999999999999
DEV-00330,2026-01-05 03:00:00,Switch,20.36,20.68,28.33,240.03,46,0.59,36.81,19,0,NORMAL_OPERATIONAL_STATE,NONE,0,19.312,6.07,0,4.68,28.292,0.46999999999999886,0,4.0,1,0.07999999999999996
DEV-00331,2026-01-05 03:00:00,Switch,6.44,54.31,31.31,778.73,51,1.2,44.22,20,8,"%LINK-3-UPDOWN: Interface Gi0/1 flaps, errors count 51",NONE,0,5.764,0.9100000000000001,0,2.0800000000000054,30.296,-0.120000000000001,0,2.0,1,0.15999999999999992
DEV-00332,2026-01-05 03:00:00,Switch,17.31,10.0,29.47,276.44,55,0.77,17.88,23,8,"%LINK-3-UPDOWN: Interface Gi0/1 flaps, errors count 55",NONE,0,20.387999999999998,-8.380000000000003,0,-5.48,27.98,1.8200000000000003,0,1.0,1,0.35000000000000003
DEV-00333,2026-01-05 03:00:00,Switch,10.88,50.63,29.43,27.34,50,0.93,67.65,22,0,NORMAL_OPERATIONAL_STATE,NONE,0,11.144000000000002,-0.879999999999999,0,0.6500000000000057,31.182,-2.969999999999999,0,1.0,1,-0.04999999999999993
DEV-00334,2026-01-05 03:00:00,Switch,31.74,35.35,38.66,463.32,55,0.22,18.54,20,8,"%LINK-3-UPDOWN: Interface Gi0/1 flaps, errors count 55",NONE,0,28.583999999999996,5.939999999999998,0,0.4299999999999997,39.224000000000004,1.029999999999994,0,2.0,1,-0.23
DEV-00335,2026-01-05 03:00:00,Router,18.6,27.97,38.7,253.4,54,0.48,19.67,25,8,"%LINK-3-UPDOWN: Interface Gi0/1 flaps, errors count 54",NONE,0,21.46,-6.41,0,-0.8300000000000018,38.992000000000004,-0.6199999999999974,0,2.0,1,-0.20000000000000007
DEV-00336,2026-01-05 03:00:00,Router,5.84,41.33,35.93,667.89,52,0.8,41.48,24,8,"%LINK-3-UPDOWN: Interface Gi0/1 flaps, errors count 52",NONE,0,6.234,-5.84,0,3.3399999999999963,36.742000000000004,-0.8500000000000014,0,4.0,1,-0.41999999999999993
DEV-00337,2026-01-05 03:00:00,Router,33.78,40.66,21.09,734.61,46,1.03,46.7,25,0,NORMAL_OPERATIONAL_STATE,NONE,0,31.971999999999998,7.010000000000002,0,-1.8700000000000045,21.722,-0.14999999999999858,0,4.0,1,0.25
DEV-00338,2026-01-05 03:00:00,Router,28.02,33.54,40.53,115.76,68,0.52,52.4,17,8,"%LINK-3-UPDOWN: Interface Gi0/1 flaps, errors count 68",NONE,0,29.477999999999998,-1.1600000000000001,0,1.1099999999999994,41.188,0.09000000000000341,0,0.0,1,-0.18999999999999995
DEV-00339,2026-01-05 03:00:00,Router,39.17,29.01,45.71,478.76,49,0.4,11.55,24,0,NORMAL_OPERATIONAL_STATE,NONE,0,41.07,-1.6799999999999997,0,-3.0299999999999976,44.65,4.590000000000003,0,3.0,1,-0.04999999999999999
DEV-00340,2026-01-05 03:00:00,Switch,30.87,41.42,32.55,358.6,46,0.0,90.94,19,6,"%QOS-4-BUFFER_FULL: Interface buffer saturated, loss 0.0%",NONE,0,25.936,7.109999999999999,0,4.440000000000005,32.962,-0.6400000000000006,0,4.0,1,-0.01
DEV-00341,2026-01-05 03:00:00,Router,5.21,26.59,33.91,320.25,70,0.14,36.46,30,8,"%LINK-3-UPDOWN: Interface Gi0/1 flaps, errors count 70",NONE,0,7.811999999999999,-2.1900000000000004,0,2.4899999999999984,35.239999999999995,-1.240000000000002,0,1.0,1,-0.009999999999999981
DEV-00342,2026-01-05 03:00:00,Switch,14.26,45.92,23.15,119.18,47,0.98,45.62,16,0,NORMAL_OPERATIONAL_STATE,NONE,0,14.693999999999999,-0.41999999999999993,0,0.21999999999999886,23.564,-2.34,0,3.0,1,-0.09000000000000008
DEV-00343,2026-01-05 03:00:00,Router,9.49,34.99,43.66,734.43,48,0.17,30.98,25,0,NORMAL_OPERATIONAL_STATE,NONE,0,11.414,-6.41,0,0.38000000000000256,43.75,-0.020000000000003126,0,1.0,1,-0.47
DEV-00344,2026-01-05 03:00:00,Router,38.4,58.41,38.64,57.19,39,0.27,28.9,27,0,NORMAL_OPERATIONAL_STATE,NONE,0,38.064,1.1299999999999955,0,0.14999999999999858,38.412,2.8200000000000003,0,1.0,1,0.16000000000000003
DEV-00345,2026-01-05 03:00:00,Router,54.44,43.76,37.33,742.16,52,1.53,62.75,17,8,"%LINK-3-UPDOWN: Interface Gi0/1 flaps, errors count 52",NONE,0,52.186,3.3200000000000003,0,-0.9699999999999989,35.775999999999996,3.469999999999999,0,2.0,1,0.15999999999999992
DEV-00346,2026-01-05 03:00:00,Switch,100.0,10.0,32.35,225.42,54,25.0,100.0,24,8,"%LINK-3-UPDOWN: Interface Gi0/1 flaps, errors count 54",CONGESTION,1,100.0,0.0,0,-0.33999999999999986,30.407999999999998,3.030000000000001,0,5.0,1,0.0
DEV-00347,2026-01-05 03:00:00,Router,100.0,30.48,100.0,196.88,48,0.3,55.22,210,10,%ENVIRONMENT-3-THERMAL_CRITICAL: Temperature reached 100.0C,THERMAL,1,100.0,0.0,0,2.960000000000001,100.0,0.0,0,0.0,1,-0.08000000000000002
DEV-00348,2026-01-05 03:00:00,Switch,40.79,63.16,32.52,793.55,1439,25.0,43.03,163,8,"%LINK-3-UPDOWN: Interface Gi0/1 flaps, errors count 1439",INTERFACE,1,40.344,1.9200000000000017,0,4.799999999999997,32.772,-1.3399999999999963,0,393.0,1,0.0
DEV-00349,2026-01-05 03:00:00,Router,18.19,38.87,26.07,447.81,1977,25.0,11.12,208,8,"%LINK-3-UPDOWN: Interface Gi0/1 flaps, errors count 1977",INTERFACE,1,15.604,4.740000000000002,0,1.3399999999999963,26.3,-2.6099999999999994,0,398.0,1,0.0
DEV-00350,2026-01-05 03:00:00,Switch,6.86,100.0,29.11,103.11,44,1.85,25.12,470,10,"%SYS-2-MALLOCFAIL: Memory allocation failed, usage at 100.0%",NONE,0,6.797999999999999,0.6500000000000004,0,0.0,29.607999999999997,-1.8200000000000003,0,1.0,1,0.050000000000000044
DEV-00351,2026-01-05 03:00:00,Router,8.43,33.95,52.2,430.94,48,2.48,41.5,16,0,NORMAL_OPERATIONAL_STATE,NONE,0,11.418000000000001,-2.4700000000000006,0,1.1200000000000045,51.194,0.6500000000000057,0,1.0,1,0.10000000000000009
DEV-00352,2026-01-05 03:00:00,Router,50.46,34.37,40.61,370.67,55,0.51,13.25,28,8,"%LINK-3-UPDOWN: Interface Gi0/1 flaps, errors count 55",NONE,0,51.912,-2.030000000000001,0,-0.8900000000000006,41.798,-4.340000000000003,0,2.0,1,0.07
DEV-00353,2026-01-05 03:00:00,Switch,11.02,32.16,33.66,15.47,43,0.0,41.37,18,0,NORMAL_OPERATIONAL_STATE,NONE,0,10.303999999999998,3.3499999999999996,0,-0.6100000000000065,34.606,-1.970000000000006,0,2.0,1,0.0
DEV-00354,2026-01-05 03:00:00,Switch,25.05,100.0,42.48,593.13,62,0.0,44.2,280,10,"%SYS-2-MALLOCFAIL: Memory allocation failed, usage at 100.0%",NONE,0,27.768,-2.4800000000000004,0,0.0,42.138,-0.05000000000000426,0,1.0,1,0.0
DEV-00355,2026-01-05 03:00:00,Switch,75.45,38.61,29.27,42.28,57,1.02,53.0,22,8,"%LINK-3-UPDOWN: Interface Gi0/1 flaps, errors count 57",NONE,0,73.72,2.8299999999999983,0,0.45000000000000284,27.996000000000002,1.9699999999999989,0,6.0,1,0.08000000000000007
DEV-00356,2026-01-05 03:00:00,Router,100.0,39.62,100.0,416.19,49,0.91,23.63,331,10,%ENVIRONMENT-3-THERMAL_CRITICAL: Temperature reached 100.0C,THERMAL,1,100.0,0.0,0,-1.0300000000000011,100.0,0.0,0,3.0,1,-0.05999999999999994
DEV-00357,2026-01-05 03:00:00,Switch,100.0,17.14,42.86,329.09,43,25.0,100.0,20,6,"%QOS-4-BUFFER_FULL: Interface buffer saturated, loss 25.0%",CONGESTION,1,100.0,0.0,0,1.2100000000000009,41.284000000000006,3.0899999999999963,0,0.0,1,0.0
DEV-00358,2026-01-05 03:00:00,Router,41.15,48.06,49.47,198.68,57,0.14,19.29,28,8,"%LINK-3-UPDOWN: Interface Gi0/1 flaps, errors count 57",NONE,0,42.828,1.3399999999999963,0,0.10000000000000142,49.14,0.1599999999999966,0,1.0,1,-0.09
DEV-00359,2026-01-05 03:00:00,Router,5.01,37.7,100.0,281.75,891,0.84,16.37,529,10,%ENVIRONMENT-3-THERMAL_CRITICAL: Temperature reached 100.0C,NONE,0,5.9,-3.5600000000000005,0,-1.1099999999999994,100.0,0.0,0,187.0,1,0.15999999999999992
DEV-00360,2026-01-05 03:00:00,Switch,17.97,33.43,23.87,149.95,53,0.48,57.42,22,8,"%LINK-3-UPDOWN: Interface Gi0/1 flaps, errors count 53",NONE,0,18.139999999999997,0.5199999999999996,0,0.9299999999999997,23.2,1.5700000000000003,0,1.0,1,0.04999999999999999
DEV-00361,2026-01-05 03:00:00,Switch,21.24,44.55,100.0,722.85,942,1.11,59.65,552,10,%ENVIRONMENT-3-THERMAL_CRITICAL: Temperature reached 100.0C,NONE,0,22.38,-2.09,0,0.21999999999999886,100.0,0.0,0,188.0,1,0.21000000000000008
DEV-00362,2026-01-05 03:00:00,Switch,12.67,33.95,24.81,331.35,47,0.46,25.93,20,0,NORMAL_OPERATIONAL_STATE,NONE,0,9.644,7.67,0,-0.18999999999999773,23.083999999999996,2.09,0,1.0,1,0.24000000000000002
DEV-00363,2026-01-05 03:00:00,Switch,30.61,46.23,25.99,669.2,67,0.43,61.04,22,8,"%LINK-3-UPDOWN: Interface Gi0/1 flaps, errors count 67",NONE,0,33.854,-2.5900000000000034,0,-0.490000000000002,25.895999999999997,1.5599999999999987,0,2.0,1,0.22
DEV-00364,2026-01-05 03:00:00,Switch,100.0,52.65,34.3,503.31,45,25.0,100.0,25,6,"%QOS-4-BUFFER_FULL: Interface buffer saturated, loss 25.0%",CONGESTION,1,100.0,0.0,0,3.469999999999999,34.022,1.25,0,2.0,1,0.0
DEV-00365,2026-01-05 03:00:00,Switch,40.72,17.55,23.48,564.07,57,0.65,48.42,10,8,"%LINK-3-UPDOWN: Interface Gi0/1 flaps, errors count 57",NONE,0,40.314,-2.6400000000000006,0,-0.120000000000001,23.94,-0.8000000000000007,0,2.0,1,-0.09999999999999998
DEV-00366,2026-01-05 03:00:00,Switch,41.64,27.56,32.63,559.3,41,0.32,44.79,17,0,NORMAL_OPERATIONAL_STATE,NONE,0,36.757999999999996,12.129999999999999,0,0.3999999999999986,33.215999999999994,1.4100000000000037,0,3.0,1,0.15
DEV-00367,2026-01-05 03:00:00,Router,100.0,51.37,28.27,18.94,54,25.0,100.0,25,8,"%LINK-3-UPDOWN: Interface Gi0/1 flaps, errors count 54",CONGESTION,1,100.0,0.0,0,3.229999999999997,28.302,-1.2699999999999996,0,2.0,1,0.0
DEV-00368,2026-01-05 03:00:00,Router,100.0,29.68,29.98,273.16,50,25.0,100.0,22,6,"%QOS-4-BUFFER_FULL: Interface buffer saturated, loss 25.0%",CONGESTION,1,100.0,0.0,0,0.10999999999999943,29.840000000000003,0.629999999999999,0,2.0,1,0.0
DEV-00369,2026-01-05 03:00:00,Switch,24.29,31.07,35.38,399.2,54,0.65,19.31,19,8,"%LINK-3-UPDOWN: Interface Gi0/1 flaps, errors count 54",NONE,0,24.652,0.00999999999999801,0,-3.5,35.03,-1.8900000000000006,0,5.0,1,0.2
DEV-00370,2026-01-05 03:00:00,Switch,44.93,50.46,40.36,672.19,2359,25.0,57.37,247,8,"%LINK-3-UPDOWN: Interface Gi0/1 flaps, errors count 2359",INTERFACE,1,43.536,1.6300000000000026,0,0.36999999999999744,40.174,0.3999999999999986,0,410.0,1,0.0
DEV-00371,2026-01-05 03:00:00,Router,19.76,34.83,40.2,161.44,54,1.12,73.72,21,8,"%LINK-3-UPDOWN: Interface Gi0/1 flaps, errors count 54",NONE,0,21.042,-4.469999999999999,0,-1.3000000000000043,39.11200000000001,1.4500000000000028,0,4.0,1,0.18000000000000016
DEV-00372,2026-01-05 03:00:00,Router,100.0,48.23,27.52,428.96,64,25.0,100.0,27,8,"%LINK-3-UPDOWN: Interface Gi0/1 flaps, errors count 64",CONGESTION,1,100.0,0.0,0,4.039999999999999,28.107999999999997,-1.240000000000002,0,2.0,1,0.0
DEV-00373,2026-01-05 03:00:00,Router,51.61,46.52,55.27,597.32,55,2.49,14.99,24,8,"%LINK-3-UPDOWN: Interface Gi0/1 flaps, errors count 55",NONE,0,52.49400000000001,3.1499999999999986,0,-1.4799999999999969,55.706,-0.11999999999999744,0,2.0,1,0.17000000000000037
DEV-00374,2026-01-05 03:00:00,Router,27.06,23.45,29.0,499.33,2391,25.0,61.32,259,8,"%LINK-3-UPDOWN: Interface Gi0/1 flaps, errors count 2391",INTERFACE,1,26.064,4.309999999999999,0,-2.0199999999999996,28.18,1.7399999999999984,0,401.0,1,0.0
DEV-00375,2026-01-05 03:00:00,Switch,45.24,100.0,42.17,637.49,50,1.24,53.08,511,10,"%SYS-2-MALLOCFAIL: Memory allocation failed, usage at 100.0%",NONE,0,49.438,-6.789999999999999,0,0.0,42.512,-1.6999999999999957,0,3.0,1,0.1100000000000001
DEV-00376,2026-01-05 03:00:00,Switch,100.0,48.32,100.0,749.0,48,1.27,12.68,207,10,%ENVIRONMENT-3-THERMAL_CRITICAL: Temperature reached 100.0C,THERMAL,1,100.0,0.0,0,1.75,100.0,0.0,0,1.0,1,-0.49
DEV-00377,2026-01-05 03:00:00,Switch,44.51,100.0,36.55,743.02,57,1.25,59.49,426,10,"%SYS-2-MALLOCFAIL: Memory allocation failed, usage at 100.0%",NONE,0,49.36,-7.539999999999999,0,0.0,37.489999999999995,-0.8500000000000014,0,2.0,1,-0.020000000000000018
DEV-00378,2026-01-05 03:00:00,Router,34.13,100.0,40.07,656.55,54,1.63,91.69,523,10,"%SYS-2-MALLOCFAIL: Memory allocation failed, usage at 100.0%",NONE,0,35.61,-2.4199999999999946,0,0.0,39.67999999999999,-0.3399999999999963,0,3.0,1,-0.19000000000000017
DEV-00379,2026-01-05 03:00:00,Switch,31.95,18.32,26.55,695.53,1757,25.0,44.44,187,8,"%LINK-3-UPDOWN: Interface Gi0/1 flaps, errors count 1757",INTERFACE,1,34.852,-6.879999999999999,0,-2.8599999999999994,27.48,-1.9800000000000004,0,399.0,1,0.0
DEV-00380,2026-01-05 03:00:00,Router,26.44,36.27,30.92,73.33,46,0.77,37.28,20,0,NORMAL_OPERATIONAL_STATE,NONE,0,27.092000000000002,-1.9599999999999973,0,-1.3499999999999943,32.676,-4.719999999999999,0,1.0,1,0.0
DEV-00381,2026-01-05 03:00:00,Router,15.04,16.86,42.54,673.16,56,0.49,55.2,22,8,"%LINK-3-UPDOWN: Interface Gi0/1 flaps, errors count 56",NONE,0,17.454,-3.2600000000000016,0,-3.879999999999999,40.824,3.299999999999997,0,4.0,1,0.33999999999999997
DEV-00382,2026-01-05 03:00:00,Router,19.08,24.43,58.33,98.4,58,1.29,19.38,18,8,"%LINK-3-UPDOWN: Interface Gi0/1 flaps, errors count 58",NONE,0,23.074,-7.630000000000003,0,1.9299999999999997,57.94199999999999,2.3500000000000014,0,1.0,1,0.19999999999999996
DEV-00383,2026-01-05 03:00:00,Router,17.17,19.87,49.68,744.63,42,0.26,15.96,27,0,NORMAL_OPERATIONAL_STATE,NONE,0,15.634000000000004,1.0300000000000011,0,1.5100000000000016,49.275999999999996,0.5300000000000011,0,1.0,1,-0.21999999999999997
DEV-00384,2026-01-05 03:00:00,Router,34.87,26.61,32.8,775.48,47,0.87,79.5,24,0,NORMAL_OPERATIONAL_STATE,NONE,0,35.588,-0.5399999999999991,0,-1.2199999999999989,33.18599999999999,0.5499999999999972,0,8.0,1,-0.2799999999999999
DEV-00385,2026-01-05 03:00:00,Switch,100.0,34.34,34.55,506.74,59,25.0,100.0,23,8,"%LINK-3-UPDOWN: Interface Gi0/1 flaps, errors count 59",CONGESTION,1,100.0,0.0,0,1.5400000000000063,35.606,-0.5400000000000063,0,1.0,1,0.0
DEV-00386,2026-01-05 03:00:00,Switch,17.79,48.41,33.76,271.84,42,0.63,36.82,22,0,NORMAL_OPERATIONAL_STATE,NONE,0,20.012,-5.75,0,2.819999999999993,34.379999999999995,-2.8700000000000045,0,2.0,1,0.5
DEV-00387,2026-01-05 03:00:00,Router,46.62,48.72,34.54,366.37,58,0.99,45.89,24,8,"%LINK-3-UPDOWN: Interface Gi0/1 flaps, errors count 58",NONE,0,46.254,4.449999999999996,0,1.0700000000000003,34.158,2.479999999999997,0,0.0,1,-0.030000000000000027
DEV-00388,2026-01-05 03:00:00,Switch,57.62,38.29,34.49,276.58,44,1.49,82.95,28,0,NORMAL_OPERATIONAL_STATE,NONE,0,57.303999999999995,-2.710000000000001,0,0.21999999999999886,34.001999999999995,1.2600000000000051,0,2.0,1,-0.040000000000000036
DEV-00389,2026-01-05 03:00:00,Router,12.84,10.0,100.0,701.96,739,0.6,89.46,435,10,%ENVIRONMENT-3-THERMAL_CRITICAL: Temperature reached 100.0C,NONE,0,13.05,-1.08,0,-1.4499999999999993,100.0,0.0,0,182.0,1,0.09999999999999998
DEV-00390,2026-01-05 03:00:00,Router,26.58,45.59,36.54,744.37,64,0.23,20.01,20,8,"%LINK-3-UPDOWN: Interface Gi0/1 flaps, errors count 64",NONE,0,30.048000000000002,-4.610000000000003,0,-0.0799999999999983,35.763999999999996,0.5399999999999991,0,3.0,1,0.15000000000000002
DEV-00391,2026-01-05 03:00:00,Router,23.02,36.6,41.31,75.38,2314,25.0,9.54,252,8,"%LINK-3-UPDOWN: Interface Gi0/1 flaps, errors count 2314",INTERFACE,1,20.916000000000004,7.74,0,2.240000000000002,42.525999999999996,-3.3799999999999955,0,403.0,1,0.0
DEV-00392,2026-01-05 03:00:00,Switch,9.08,43.24,30.69,383.0,1590,25.0,6.74,164,8,"%LINK-3-UPDOWN: Interface Gi0/1 flaps, errors count 1590",NONE,0,12.568,-7.1800000000000015,0,-0.07000000000000028,30.895999999999997,-2.109999999999996,0,390.0,1,0.0
DEV-00393,2026-01-05 03:00:00,Switch,18.53,22.02,41.84,68.48,57,0.7,78.67,23,8,"%LINK-3-UPDOWN: Interface Gi0/1 flaps, errors count 57",NONE,0,18.294,3.2700000000000014,0,-2.59,43.826,-5.699999999999996,0,1.0,1,0.20999999999999996
DEV-00394,2026-01-05 03:00:00,Router,54.28,18.84,36.07,255.04,1939,25.0,14.98,204,8,"%LINK-3-UPDOWN: Interface Gi0/1 flaps, errors count 1939",INTERFACE,1,54.668000000000006,0.23000000000000398,0,-3.6900000000000013,35.598,0.18999999999999773,0,406.0,1,0.0
DEV-00395,2026-01-05 03:00:00,Router,10.3,34.49,24.8,55.63,44,1.25,87.08,28,0,NORMAL_OPERATIONAL_STATE,NONE,0,12.482,-2.42,0,-1.3299999999999983,25.05,-0.9399999999999977,0,5.0,1,0.20999999999999996
DEV-00396,2026-01-05 03:00:00,Router,66.85,44.45,28.39,163.31,52,0.95,80.05,28,8,"%LINK-3-UPDOWN: Interface Gi0/1 flaps, errors count 52",NONE,0,69.06,0.8299999999999983,0,4.940000000000005,29.23,-1.6099999999999994,0,2.0,1,-0.17999999999999994
DEV-00397,2026-01-05 03:00:00,Switch,100.0,51.64,31.78,634.47,58,25.0,100.0,25,8,"%LINK-3-UPDOWN: Interface Gi0/1 flaps, errors count 58",CONGESTION,1,100.0,0.0,0,2.3400000000000034,30.926,1.1099999999999994,0,3.0,1,0.0
DEV-00398,2026-01-05 03:00:00,Router,19.37,20.23,30.04,803.21,58,2.06,34.78,18,8,"%LINK-3-UPDOWN: Interface Gi0/1 flaps, errors count 58",NONE,0,19.855999999999998,-3.599999999999998,0,0.8399999999999999,30.712,0.9499999999999993,0,1.0,1,0.22999999999999998
DEV-00399,2026-01-05 03:00:00,Router,14.68,33.27,24.69,777.75,60,1.14,11.97,22,8,"%LINK-3-UPDOWN: Interface Gi0/1 flaps, errors count 60",NONE,0,14.809999999999999,-3.469999999999999,0,0.7000000000000028,24.052,1.5899999999999999,0,1.0,1,-0.17000000000000015
DEV-00400,2026-01-05 03:00:00,Router,5.0,21.97,100.0,658.82,895,0.07,39.51,533,10,%ENVIRONMENT-3-THERMAL_CRITICAL: Temperature reached 100.0C,NONE,0,6.148000000000001,0.0,0,3.1199999999999974,100.0,0.0,0,189.0,1,0.020000000000000004
DEV-00401,2026-01-05 03:00:00,Router,9.14,31.33,22.89,59.78,78,1.29,50.3,16,8,"%LINK-3-UPDOWN: Interface Gi0/1 flaps, errors count 78",NONE,0,5.894,4.140000000000001,0,1.9699999999999989,22.378,1.2699999999999996,0,1.0,1,0.06000000000000005
DEV-00402,2026-01-05 03:00:00,Switch,11.58,47.9,42.14,24.96,2685,25.0,5.0,293,8,"%LINK-3-UPDOWN: Interface Gi0/1 flaps, errors count 2685",NONE,0,11.096,2.5700000000000003,0,2.3900000000000006,41.715999999999994,0.5499999999999972,0,400.0,1,0.0
DEV-00403,2026-01-05 03:00:00,Switch,16.14,29.58,40.14,21.35,56,0.02,40.58,25,8,"%LINK-3-UPDOWN: Interface Gi0/1 flaps, errors count 56",NONE,0,19.088,-1.0999999999999979,0,-0.6000000000000014,41.164,-2.0899999999999963,0,5.0,1,0.0
DEV-00404,2026-01-05 03:00:00,Router,8.45,26.76,40.1,325.81,54,0.54,48.75,15,8,"%LINK-3-UPDOWN: Interface Gi0/1 flaps, errors count 54",NONE,0,9.11,0.3999999999999986,0,1.360000000000003,40.2,2.4200000000000017,0,3.0,1,0.030000000000000027
DEV-00405,2026-01-05 03:00:00,Switch,100.0,40.86,100.0,230.21,44,0.29,90.97,306,10,%ENVIRONMENT-3-THERMAL_CRITICAL: Temperature reached 100.0C,THERMAL,1,100.0,0.0,0,1.8200000000000003,100.0,0.0,0,2.0,1,0.04999999999999999
DEV-00406,2026-01-05 03:00:00,Switch,14.57,26.85,32.68,629.87,39,0.19,37.69,21,0,NORMAL_OPERATIONAL_STATE,NONE,0,14.020000000000001,4.6899999999999995,0,3.1300000000000026,31.73,1.9699999999999989,0,1.0,1,-0.24
DEV-00407,2026-01-05 03:00:00,Router,19.32,12.54,100.0,369.0,570,0.6,89.96,333,10,%ENVIRONMENT-3-THERMAL_CRITICAL: Temperature reached 100.0C,NONE,0,21.83,-8.3,0,-0.5100000000000016,100.0,0.0,0,180.0,1,0.31
DEV-00408,2026-01-05 03:00:00,Router,48.11,35.75,20.2,504.15,60,1.08,76.86,15,8,"%LINK-3-UPDOWN: Interface Gi0/1 flaps, errors count 60",NONE,0,44.42,2.549999999999997,0,1.740000000000002,20.714,0.1999999999999993,0,5.0,1,-0.04999999999999982
DEV-00409,2026-01-05 03:00:00,Router,57.32,30.93,28.25,785.57,64,0.69,43.54,19,8,"%LINK-3-UPDOWN: Interface Gi0/1 flaps, errors count 64",NONE,0,56.717999999999996,1.2299999999999969,0,1.0199999999999996,28.768,-0.5199999999999996,0,4.0,1,0.1499999999999999
DEV-00410,2026-01-05 03:00:00,Switch,47.21,25.85,45.25,557.08,46,1.82,36.19,24,0,NORMAL_OPERATIONAL_STATE,NONE,0,48.36,-2.969999999999999,0,0.38000000000000256,43.760000000000005,0.6700000000000017,0,2.0,1,0.22999999999999998
DEV-00411,2026-01-05 03:00:00,Switch,5.0,27.46,40.99,366.76,40,1.07,81.88,27,0,NORMAL_OPERATIONAL_STATE,NONE,0,5.534,-0.6699999999999999,0,-1.7399999999999984,41.878,-2.3799999999999955,0,1.0,1,0.19000000000000006
DEV-00412,2026-01-05 03:00:00,Router,37.06,41.4,24.43,471.82,35,1.92,20.23,20,0,NORMAL_OPERATIONAL_STATE,NONE,0,35.705999999999996,5.890000000000001,0,0.8399999999999963,25.668,-3.240000000000002,0,1.0,1,0.3999999999999999
DEV-00413,2026-01-05 03:00:00,Router,5.0,19.59,20.0,269.19,49,0.26,29.37,23,0,NORMAL_OPERATIONAL_STATE,NONE,0,6.302,0.0,0,-1.6700000000000017,20.464000000000002,-1.4699999999999989,0,1.0,1,-0.010000000000000009
DEV-00414,2026-01-05 03:00:00,Switch,39.36,25.86,21.76,470.28,1267,25.0,63.19,148,8,"%LINK-3-UPDOWN: Interface Gi0/1 flaps, errors count 1267",INTERFACE,1,37.483999999999995,3.229999999999997,0,0.5999999999999979,21.666000000000004,-1.25,0,383.0,1,0.0
DEV-00415,2026-01-05 03:00:00,Switch,23.84,17.59,33.89,143.22,1193,25.0,45.35,140,8,"%LINK-3-UPDOWN: Interface Gi0/1 flaps, errors count 1193",INTERFACE,1,23.184,-2.5500000000000007,0,-4.170000000000002,34.112,-0.9299999999999997,0,380.0,1,0.0
DEV-00416,2026-01-05 03:00:00,Switch,49.38,21.56,33.95,365.59,56,0.21,48.3,12,8,"%LINK-3-UPDOWN: Interface Gi0/1 flaps, errors count 56",NONE,0,47.816,3.470000000000006,0,-0.0400000000000027,35.36,-2.6699999999999946,0,2.0,1,0.009999999999999981
DEV-00417,2026-01-05 03:00:00,Router,49.75,27.36,41.18,637.55,48,2.62,54.73,23,0,NORMAL_OPERATIONAL_STATE,NONE,0,50.858000000000004,-3.0799999999999983,0,0.16000000000000014,40.016,3.020000000000003,0,5.0,1,-0.08000000000000007
DEV-00418,2026-01-05 03:00:00,Router,25.73,23.49,27.28,552.12,63,0.55,23.7,20,8,"%LINK-3-UPDOWN: Interface Gi0/1 flaps, errors count 63",NONE,0,26.406,4.350000000000001,0,2.3099999999999987,28.552,-1.9399999999999977,0,3.0,1,0.16000000000000003
DEV-00419,2026-01-05 03:00:00,Switch,16.83,50.99,36.69,692.25,1181,25.0,5.0,131,8,"%LINK-3-UPDOWN: Interface Gi0/1 flaps, errors count 1181",INTERFACE,1,12.91,6.079999999999998,0,2.710000000000001,36.67999999999999,-0.21999999999999886,0,376.0,1,0.0
DEV-00420,2026-01-05 03:00:00,Switch,100.0,15.7,100.0,579.27,48,0.21,68.65,269,10,%ENVIRONMENT-3-THERMAL_CRITICAL: Temperature reached 100.0C,THERMAL,1,100.0,0.0,0,-2.0500000000000007,100.0,0.0,0,3.0,1,-0.18000000000000002
DEV-00421,2026-01-05 03:00:00,Router,100.0,45.55,100.0,662.96,55,0.27,90.24,268,10,%ENVIRONMENT-3-THERMAL_CRITICAL: Temperature reached 100.0C,THERMAL,1,100.0,0.0,0,-1.4000000000000057,100.0,0.0,0,5.0,1,0.24000000000000002
DEV-00422,2026-01-05 03:00:00,Switch,28.24,10.96,34.53,284.66,47,0.97,28.06,19,0,NORMAL_OPERATIONAL_STATE,NONE,0,30.088,3.7799999999999976,0,-3.3499999999999996,35.972,-4.549999999999997,0,2.0,1,0.12
DEV-00423,2026-01-05 03:00:00,Switch,33.82,26.16,35.14,27.99,1502,25.0,61.76,166,8,"%LINK-3-UPDOWN: Interface Gi0/1 flaps, errors count 1502",INTERFACE,1,33.25,2.0700000000000003,0,-0.41999999999999815,34.064,-0.36999999999999744,0,386.0,1,0.0
DEV-00424,2026-01-05 03:00:00,Router,100.0,44.14,100.0,255.76,44,1.13,28.98,373,10,%ENVIRONMENT-3-THERMAL_CRITICAL: Temperature reached 100.0C,THERMAL,1,100.0,0.0,0,0.25,100.0,0.0,0,0.0,1,0.16999999999999993
DEV-00425,2026-01-05 03:00:00,Switch,5.0,23.88,45.7,604.71,51,0.41,20.13,19,8,"%LINK-3-UPDOWN: Interface Gi0/1 flaps, errors count 51",NONE,0,7.172,-6.300000000000001,0,-1.3900000000000006,45.374,0.7700000000000031,0,3.0,1,0.12
DEV-00426,2026-01-05 03:00:00,Router,15.21,53.33,35.73,736.89,51,0.36,76.75,20,8,"%LINK-3-UPDOWN: Interface Gi0/1 flaps, errors count 51",NONE,0,15.062000000000001,-0.9299999999999997,0,3.9399999999999977,35.733999999999995,-0.8100000000000023,0,5.0,1,0.08999999999999997
DEV-00427,2026-01-05 03:00:00,Switch,31.63,42.43,27.24,610.48,55,0.76,57.95,13,8,"%LINK-3-UPDOWN: Interface Gi0/1 flaps, errors count 55",NONE,0,32.49399999999999,-6.559999999999999,0,-1.7700000000000031,27.810000000000002,-2.5400000000000027,0,0.0,1,0.49
DEV-00428,2026-01-05 03:00:00,Switch,56.14,34.18,25.4,721.86,58,0.23,83.8,23,8,"%LINK-3-UPDOWN: Interface Gi0/1 flaps, errors count 58",NONE,0,53.694,5.270000000000003,0,-0.7299999999999969,23.63,3.469999999999999,0,5.0,1,0.2
DEV-00429,2026-01-05 03:00:00,Router,8.87,28.41,33.4,87.65,51,2.37,39.83,24,8,"%LINK-3-UPDOWN: Interface Gi0/1 flaps, errors count 51",NONE,0,9.546000000000001,-0.6699999999999999,0,0.6000000000000014,33.424,-0.20000000000000284,0,1.0,1,0.28000000000000025
DEV-00430,2026-01-05 03:00:00,Router,14.23,34.12,37.91,743.91,44,0.21,60.7,27,0,NORMAL_OPERATIONAL_STATE,NONE,0,13.744,2.0999999999999996,0,0.9399999999999977,37.63,1.0399999999999991,0,3.0,1,-0.04000000000000001
DEV-00431,2026-01-05 03:00:00,Switch,100.0,23.59,100.0,788.33,44,0.07,47.37,192,10,%ENVIRONMENT-3-THERMAL_CRITICAL: Temperature reached 100.0C,THERMAL,1,100.0,0.0,0,1.370000000000001,100.0,0.0,0,0.0,1,-0.07
DEV-00432,2026-01-05 03:00:00,Router,33.23,39.98,39.51,467.18,62,1.92,67.34,21,8,"%LINK-3-UPDOWN: Interface Gi0/1 flaps, errors count 62",NONE,0,33.437999999999995,-5.420000000000002,0,-0.3300000000000054,38.866,1.4099999999999966,0,4.0,1,-0.1200000000000001
DEV-00433,2026-01-05 03:00:00,Router,11.89,29.36,33.46,263.59,48,0.0,38.66,20,0,NORMAL_OPERATIONAL_STATE,NONE,0,13.36,-2.8499999999999996,0,-1.8500000000000014,33.36,-0.5799999999999983,0,1.0,1,-0.19
DEV-00434,2026-01-05 03:00:00,Router,8.95,11.54,46.05,735.12,37,0.03,73.19,20,0,NORMAL_OPERATIONAL_STATE,NONE,0,7.65,0.05999999999999872,0,0.3299999999999983,44.366,3.5799999999999983,0,1.0,1,-0.37
DEV-00435,2026-01-05 03:00:00,Router,12.77,100.0,43.84,512.0,57,1.68,54.41,542,10,"%SYS-2-MALLOCFAIL: Memory allocation failed, usage at 100.0%",NONE,0,11.526,5.42,0,0.0,44.606,-0.759999999999998,0,1.0,1,-0.010000000000000009
DEV-00436,2026-01-05 03:00:00,Router,51.51,38.88,100.0,691.62,746,0.99,15.49,443,10,%ENVIRONMENT-3-THERMAL_CRITICAL: Temperature reached 100.0C,HARDWARE,1,48.318,5.489999999999995,0,1.0,100.0,0.0,0,182.0,1,-0.010000000000000009
DEV-00437,2026-01-05 03:00:00,Router,36.18,38.01,30.06,64.08,50,0.56,30.44,17,0,NORMAL_OPERATIONAL_STATE,NONE,0,33.204,3.8100000000000023,0,-1.5,30.838,-2.669999999999998,0,4.0,1,0.010000000000000009
DEV-00438,2026-01-05 03:00:00,Switch,12.96,36.32,34.31,286.53,2212,25.0,6.28,240,8,"%LINK-3-UPDOWN: Interface Gi0/1 flaps, errors count 2212",NONE,0,11.484,3.700000000000001,0,-0.5499999999999972,33.182,1.8700000000000045,0,405.0,1,0.0
DEV-00439,2026-01-05 03:00:00,Router,45.49,100.0,44.82,266.98,63,0.58,85.56,514,10,"%SYS-2-MALLOCFAIL: Memory allocation failed, usage at 100.0%",NONE,0,48.146,-4.3799999999999955,0,0.0,45.448,-0.6899999999999977,0,6.0,1,-0.020000000000000018
DEV-00440,2026-01-05 03:00:00,Switch,45.05,18.42,41.17,607.1,57,0.78,24.31,20,8,"%LINK-3-UPDOWN: Interface Gi0/1 flaps, errors count 57",NONE,0,42.36,0.509999999999998,0,-0.10999999999999943,40.17,0.44000000000000483,0,0.0,1,0.030000000000000027
DEV-00441,2026-01-05 03:00:00,Switch,18.11,45.72,31.88,597.92,37,1.69,21.28,18,0,NORMAL_OPERATIONAL_STATE,NONE,0,17.34,2.039999999999999,0,2.9200000000000017,32.096,0.6999999999999993,0,1.0,1,0.30000000000000004
DEV-00442,2026-01-05 03:00:00,Router,45.9,46.29,37.79,700.64,40,0.11,32.52,23,0,NORMAL_OPERATIONAL_STATE,NONE,0,46.971999999999994,-4.32,0,1.5,38.476,-1.1300000000000026,0,2.0,1,-0.53
DEV-00443,2026-01-05 03:00:00,Switch,39.48,30.58,23.75,724.11,41,1.14,29.01,22,0,NORMAL_OPERATIONAL_STATE,NONE,0,39.356,3.039999999999999,0,-1.7199999999999989,25.0,-3.7300000000000004,0,4.0,1,0.07999999999999985
DEV-00444,2026-01-05 03:00:00,Router,37.18,29.58,37.9,36.47,55,0.42,9.97,21,8,"%LINK-3-UPDOWN: Interface Gi0/1 flaps, errors count 55",NONE,0,35.076,1.9099999999999966,0,-0.23000000000000043,38.824,-0.8100000000000023,0,4.0,1,-0.44
DEV-00445,2026-01-05 03:00:00,Router,19.24,38.34,100.0,178.01,659,3.03,44.72,390,10,%ENVIRONMENT-3-THERMAL_CRITICAL: Temperature reached 100.0C,NONE,0,18.496,-0.13000000000000256,0,2.490000000000002,100.0,0.0,0,181.0,1,0.2999999999999998
DEV-00446,2026-01-05 03:00:00,Router,20.68,30.57,37.52,338.96,48,0.59,46.69,17,0,NORMAL_OPERATIONAL_STATE,NONE,0,16.637999999999998,3.8299999999999983,0,-0.5399999999999991,36.342,2.6300000000000026,0,4.0,1,0.20999999999999996
DEV-00447,2026-01-05 03:00:00,Router,19.86,38.94,51.65,501.04,2681,25.0,34.23,290,8,"%LINK-3-UPDOWN: Interface Gi0/1 flaps, errors count 2681",INTERFACE,1,18.428,3.1400000000000006,0,0.6599999999999966,51.52,-1.8700000000000045,0,404.0,1,0.0
DEV-00448,2026-01-05 03:00:00,Switch,14.64,48.07,35.02,77.9,44,1.06,18.17,17,0,NORMAL_OPERATIONAL_STATE,NONE,0,12.98,1.9900000000000002,0,-2.5700000000000003,33.964,3.580000000000002,0,4.0,1,0.6500000000000001
DEV-00449,2026-01-05 03:00:00,Switch,40.2,54.7,37.66,462.45,65,0.15,41.65,28,8,"%LINK-3-UPDOWN: Interface Gi0/1 flaps, errors count 65",NONE,0,41.14,0.0,0,-3.529999999999994,37.018,1.3099999999999952,0,5.0,1,0.0
DEV-00450,2026-01-05 03:00:00,Router,63.92,34.95,30.13,284.09,49,0.32,43.1,22,0,NORMAL_OPERATIONAL_STATE,NONE,0,65.238,0.9699999999999989,0,-1.0399999999999991,30.879999999999995,-0.9600000000000009,0,3.0,1,0.16
DEV-00451,2026-01-05 03:00:00,Switch,46.63,33.56,41.56,693.52,60,2.68,22.79,25,8,"%LINK-3-UPDOWN: Interface Gi0/1 flaps, errors count 60",NONE,0,44.642,4.530000000000001,0,-1.9399999999999977,41.322,2.289999999999999,0,3.0,1,-0.009999999999999787
DEV-00452,2026-01-05 03:00:00,Switch,100.0,42.47,27.3,425.66,55,25.0,100.0,22,8,"%LINK-3-UPDOWN: Interface Gi0/1 flaps, errors count 55",CONGESTION,1,100.0,0.0,0,-1.0600000000000023,26.85,0.40000000000000213,0,3.0,1,0.0
DEV-00453,2026-01-05 03:00:00,Switch,45.51,27.5,24.21,506.45,41,0.04,31.02,23,0,NORMAL_OPERATIONAL_STATE,NONE,0,43.528,5.899999999999999,0,-0.08999999999999986,23.380000000000003,-0.6199999999999974,0,0.0,1,-0.23
DEV-00454,2026-01-05 03:00:00,Router,42.42,19.56,44.56,567.44,56,0.61,5.8,18,8,"%LINK-3-UPDOWN: Interface Gi0/1 flaps, errors count 56",NONE,0,41.168,4.850000000000001,0,-2.3500000000000014,43.936,0.480000000000004,0,1.0,1,0.25
DEV-00455,2026-01-05 03:00:00,Switch,32.66,39.25,50.38,332.95,1256,25.0,66.65,150,8,"%LINK-3-UPDOWN: Interface Gi0/1 flaps, errors count 1256",INTERFACE,1,36.214,-2.940000000000005,0,-2.509999999999998,49.608000000000004,2.520000000000003,0,382.0,1,0.0
DEV-00456,2026-01-05 03:00:00,Router,46.94,10.12,24.32,558.94,47,0.33,20.25,23,0,NORMAL_OPERATIONAL_STATE,NONE,0,47.676,-1.9000000000000057,0,-0.8200000000000003,24.316000000000003,-1.1600000000000001,0,3.0,1,0.19
DEV-00457,2026-01-05 03:00:00,Switch,12.07,41.17,29.55,538.75,52,1.45,29.03,16,8,"%LINK-3-UPDOWN: Interface Gi0/1 flaps, errors count 52",NONE,0,12.296,0.7200000000000006,0,4.810000000000002,29.22,0.7899999999999991,0,2.0,1,-0.14000000000000012
DEV-00458,2026-01-05 03:00:00,Router,43.04,14.71,24.75,424.34,53,1.01,10.83,19,8,"%LINK-3-UPDOWN: Interface Gi0/1 flaps, errors count 53",NONE,0,39.217999999999996,5.299999999999997,0,-3.66,25.624000000000002,-1.629999999999999,0,2.0,1,-0.25
DEV-00459,2026-01-05 03:00:00,Router,38.69,100.0,40.69,431.34,47,0.25,34.14,305,10,"%SYS-2-MALLOCFAIL: Memory allocation failed, usage at 100.0%",NONE,0,36.236000000000004,-0.3400000000000034,0,0.0,39.144000000000005,3.1400000000000006,0,4.0,1,-0.07
DEV-00460,2026-01-05 03:00:00,Switch,30.51,22.98,42.62,28.41,55,1.69,69.46,25,8,"%LINK-3-UPDOWN: Interface Gi0/1 flaps, errors count 55",NONE,0,29.874000000000002,2.900000000000002,0,-0.25,42.388,1.7199999999999989,0,2.0,1,0.1399999999999999
DEV-00461,2026-01-05 03:00:00,Switch,27.1,32.48,48.57,507.99,45,0.06,43.1,19,0,NORMAL_OPERATIONAL_STATE,NONE,0,29.053999999999995,-2.7699999999999996,0,1.1599999999999966,47.141999999999996,2.6799999999999997,0,1.0,1,-0.29
DEV-00462,2026-01-05 03:00:00,Switch,10.86,100.0,20.81,121.65,45,0.38,38.3,387,10,"%SYS-2-MALLOCFAIL: Memory allocation failed, usage at 100.0%",NONE,0,13.540000000000001,-4.91,0,0.0,21.476,-1.5400000000000027,0,4.0,1,0.010000000000000009
DEV-00463,2026-01-05 03:00:00,Router,53.58,58.65,29.33,305.99,48,0.06,42.07,15,0,NORMAL_OPERATIONAL_STATE,NONE,0,54.536,-1.1600000000000037,0,-3.3800000000000026,28.758,-0.05000000000000071,0,0.0,1,-0.06
DEV-00464,2026-01-05 03:00:00,Router,17.35,30.94,43.3,26.57,51,1.12,46.85,24,8,"%LINK-3-UPDOWN: Interface Gi0/1 flaps, errors count 51",NONE,0,19.774,-2.629999999999999,0,-2.0100000000000016,40.952,3.1199999999999974,0,2.0,1,0.0
DEV-00465,2026-01-05 03:00:00,Switch,9.82,33.98,37.43,741.46,59,0.82,88.56,15,8,"%LINK-3-UPDOWN: Interface Gi0/1 flaps, errors count 59",NONE,0,11.202000000000002,-5.4399999999999995,0,0.8499999999999943,37.25,1.4500000000000028,0,3.0,1,0.039999999999999925
DEV-00466,2026-01-05 03:00:00,Switch,100.0,34.33,35.78,396.28,51,25.0,100.0,21,8,"%LINK-3-UPDOWN: Interface Gi0/1 flaps, errors count 51",CONGESTION,1,100.0,0.0,0,-1.9500000000000028,36.738,-1.9699999999999989,0,3.0,1,0.0
DEV-00467,2026-01-05 03:00:00,Router,21.69,47.69,42.92,133.78,51,0.0,43.5,17,8,"%LINK-3-UPDOWN: Interface Gi0/1 flaps, errors count 51",NONE,0,24.107999999999997,-3.599999999999998,0,2.1499999999999986,41.294000000000004,2.510000000000005,0,6.0,1,-0.11
DEV-00468,2026-01-05 03:00:00,Switch,100.0,29.66,33.72,451.91,59,25.0,100.0,13,8,"%LINK-3-UPDOWN: Interface Gi0/1 flaps, errors count 59",CONGESTION,1,100.0,0.0,0,-2.0500000000000007,33.727999999999994,-0.38000000000000256,0,1.0,1,0.0
DEV-00469,2026-01-05 03:00:00,Switch,38.6,27.31,24.13,342.14,52,2.17,23.76,33,8,"%LINK-3-UPDOWN: Interface Gi0/1 flaps, errors count 52",NONE,0,36.192,0.480000000000004,0,-0.08000000000000185,22.844,2.0299999999999976,0,2.0,1,0.3599999999999999
DEV-00470,2026-01-05 03:00:00,Router,38.86,38.51,26.12,321.19,62,0.76,14.82,23,8,"%LINK-3-UPDOWN: Interface Gi0/1 flaps, errors count 62",NONE,0,39.926,1.2800000000000011,0,-4.219999999999999,25.125999999999998,0.8300000000000018,0,0.0,1,0.010000000000000009
DEV-00471,2026-01-05 03:00:00,Switch,44.2,28.32,27.03,724.78,67,1.13,5.0,19,8,"%LINK-3-UPDOWN: Interface Gi0/1 flaps, errors count 67",NONE,0,41.16,7.270000000000003,0,0.870000000000001,28.246000000000002,-3.91,0,3.0,1,0.42999999999999994
DEV-00472,2026-01-05 03:00:00,Router,8.15,25.56,29.29,126.04,75,0.11,92.85,23,8,"%LINK-3-UPDOWN: Interface Gi0/1 flaps, errors count 75",NONE,0,6.226,3.1500000000000004,0,2.09,29.008000000000003,0.9699999999999989,0,4.0,1,-0.39
DEV-00473,2026-01-05 03:00:00,Router,100.0,30.09,100.0,31.31,56,0.0,18.56,204,10,%ENVIRONMENT-3-THERMAL_CRITICAL: Temperature reached 100.0C,THERMAL,1,100.0,0.0,0,-1.0100000000000016,100.0,0.0,0,3.0,1,-0.29
DEV-00474,2026-01-05 03:00:00,Router,5.14,25.19,38.8,751.56,49,1.86,5.34,19,0,NORMAL_OPERATIONAL_STATE,NONE,0,5.228,0.13999999999999968,0,-4.259999999999998,38.234,0.5799999999999983,0,5.0,1,0.15000000000000013
DEV-00475,2026-01-05 03:00:00,Router,23.6,41.29,24.57,765.25,42,1.51,19.01,24,0,NORMAL_OPERATIONAL_STATE,NONE,0,25.056,-4.32,0,0.4200000000000017,25.762,-2.5599999999999987,0,1.0,1,-0.43999999999999995
DEV-00476,2026-01-05 03:00:00,Switch,28.01,31.58,32.01,164.22,53,0.75,47.31,26,8,"%LINK-3-UPDOWN: Interface Gi0/1 flaps, errors count 53",NONE,0,26.653999999999996,1.610000000000003,0,-5.359999999999999,31.198,0.8599999999999994,0,1.0,1,0.020000000000000018
DEV-00477,2026-01-05 03:00:00,Switch,65.96,55.04,28.51,463.86,51,0.33,14.58,18,8,"%LINK-3-UPDOWN: Interface Gi0/1 flaps, errors count 51",NONE,0,61.510000000000005,13.319999999999993,0,-0.20000000000000284,28.534,-0.46999999999999886,0,4.0,1,-0.03999999999999998
DEV-00478,2026-01-05 03:00:00,Switch,29.62,54.68,45.27,143.94,49,0.14,46.33,22,0,NORMAL_OPERATIONAL_STATE,NONE,0,28.576,1.7699999999999996,0,0.0799999999999983,45.138000000000005,-0.22999999999999687,0,5.0,1,-0.12
DEV-00479,2026-01-05 03:00:00,Router,10.7,38.33,47.72,377.26,47,1.87,60.92,16,0,NORMAL_OPERATIONAL_STATE,NONE,0,9.474,1.6399999999999988,0,0.8299999999999983,46.844,1.2999999999999972,0,2.0,1,0.6500000000000001
DEV-00480,2026-01-05 03:00:00,Router,68.87,40.78,44.87,362.24,48,0.7,55.04,21,0,NORMAL_OPERATIONAL_STATE,NONE,0,66.856,5.3700000000000045,0,-0.5600000000000023,44.422,1.519999999999996,0,3.0,1,0.07999999999999996
DEV-00481,2026-01-05 03:00:00,Switch,24.52,31.15,100.0,296.91,991,0.26,36.26,597,10,%ENVIRONMENT-3-THERMAL_CRITICAL: Temperature reached 100.0C,NONE,0,25.898000000000003,-2.6799999999999997,0,0.4399999999999977,100.0,0.0,0,187.0,1,0.16
DEV-00482,2026-01-05 03:00:00,Switch,5.71,27.0,29.84,590.97,49,0.54,13.32,18,0,NORMAL_OPERATIONAL_STATE,NONE,0,7.49,-1.7800000000000002,0,-1.1099999999999994,30.318,-3.139999999999997,0,0.0,1,0.030000000000000027
DEV-00483,2026-01-05 03:00:00,Switch,100.0,21.8,100.0,313.32,39,0.74,8.19,236,10,%ENVIRONMENT-3-THERMAL_CRITICAL: Temperature reached 100.0C,THERMAL,1,100.0,0.0,0,0.21000000000000085,100.0,0.0,0,1.0,1,-0.010000000000000009
DEV-00484,2026-01-05 03:00:00,Switch,32.22,37.89,37.11,801.68,1702,25.0,34.35,189,8,"%LINK-3-UPDOWN: Interface Gi0/1 flaps, errors count 1702",INTERFACE,1,28.734,4.75,0,-1.6000000000000014,37.08,-1.4600000000000009,0,402.0,1,0.0
DEV-00485,2026-01-05 03:00:00,Switch,17.99,36.15,33.34,439.28,43,0.27,97.62,21,6,"%QOS-4-BUFFER_FULL: Interface buffer saturated, loss 0.27%",NONE,0,14.868,2.9799999999999986,0,-2.3299999999999983,35.476000000000006,-2.1099999999999994,0,0.0,1,0.07
DEV-00486,2026-01-05 03:00:00,Switch,20.2,29.65,23.3,506.0,62,1.52,35.66,19,8,"%LINK-3-UPDOWN: Interface Gi0/1 flaps, errors count 62",NONE,0,24.14,-6.699999999999999,0,-1.110000000000003,23.172000000000004,0.6799999999999997,0,0.0,1,-0.07000000000000006
DEV-00487,2026-01-05 03:00:00,Switch,10.7,42.33,34.83,307.92,61,0.49,78.62,23,8,"%LINK-3-UPDOWN: Interface Gi0/1 flaps, errors count 61",NONE,0,10.398,3.509999999999999,0,1.5300000000000011,34.112,2.229999999999997,0,2.0,1,0.020000000000000018
DEV-00488,2026-01-05 03:00:00,Switch,41.73,100.0,31.96,737.13,56,0.18,25.96,373,10,"%SYS-2-MALLOCFAIL: Memory allocation failed, usage at 100.0%",NONE,0,45.294,-4.260000000000005,0,0.0,31.163999999999998,2.0500000000000007,0,2.0,1,-0.15000000000000002
DEV-00489,2026-01-05 03:00:00,Switch,59.54,100.0,44.72,509.74,48,0.29,50.95,318,10,"%SYS-2-MALLOCFAIL: Memory allocation failed, usage at 100.0%",NONE,0,57.64,5.859999999999999,0,0.0,45.324,0.21999999999999886,0,4.0,1,0.29
DEV-00490,2026-01-05 03:00:00,Router,8.28,40.04,32.0,542.93,56,0.6,23.9,11,8,"%LINK-3-UPDOWN: Interface Gi0/1 flaps, errors count 56",NONE,0,6.582000000000001,2.119999999999999,0,-1.3599999999999994,32.686,-1.6400000000000006,0,5.0,1,-0.20000000000000007
DEV-00491,2026-01-05 03:00:00,Router,28.9,50.33,29.67,278.11,56,0.03,34.48,14,8,"%LINK-3-UPDOWN: Interface Gi0/1 flaps, errors count 56",NONE,0,30.618000000000002,-2.7200000000000024,0,3.039999999999999,30.158000000000005,-0.6999999999999993,0,3.0,1,-0.06
DEV-00492,2026-01-05 03:00:00,Router,10.03,30.85,45.95,469.95,52,1.78,11.9,23,8,"%LINK-3-UPDOWN: Interface Gi0/1 flaps, errors count 52",NONE,0,10.225999999999999,-0.5200000000000014,0,1.3100000000000023,45.30200000000001,0.0,0,0.0,1,0.54
DEV-00493,2026-01-05 03:00:00,Switch,23.98,38.73,24.72,572.54,56,1.09,65.59,18,8,"%LINK-3-UPDOWN: Interface Gi0/1 flaps, errors count 56",NONE,0,22.06,2.6700000000000017,0,1.2999999999999972,23.182,3.1099999999999994,0,3.0,1,0.09000000000000008
DEV-00494,2026-01-05 03:00:00,Router,8.97,45.8,38.48,372.79,1654,25.0,83.66,184,8,"%LINK-3-UPDOWN: Interface Gi0/1 flaps, errors count 1654",INTERFACE,1,10.559999999999999,0.22000000000000064,0,3.029999999999994,39.288,-0.8200000000000003,0,400.0,1,0.0
DEV-00495,2026-01-05 03:00:00,Switch,25.29,26.65,33.37,425.07,49,0.99,38.63,28,0,NORMAL_OPERATIONAL_STATE,NONE,0,26.368000000000002,-2.0500000000000007,0,-2.110000000000003,33.408,-1.3700000000000045,0,1.0,1,0.21999999999999997
DEV-00496,2026-01-05 03:00:00,Switch,12.99,26.69,28.76,348.1,46,0.44,9.84,17,0,NORMAL_OPERATIONAL_STATE,NONE,0,13.924000000000001,-2.049999999999999,0,0.370000000000001,28.418,-0.4299999999999997,0,2.0,1,-0.25999999999999995
DEV-00497,2026-01-05 03:00:00,Switch,16.05,40.98,28.13,748.7,58,0.26,32.88,19,8,"%LINK-3-UPDOWN: Interface Gi0/1 flaps, errors count 58",NONE,0,17.932,-3.0599999999999987,0,1.3299999999999983,28.151999999999997,1.3099999999999987,0,2.0,1,0.0
DEV-00498,2026-01-05 03:00:00,Router,10.8,52.48,30.17,586.43,50,2.51,32.22,23,0,NORMAL_OPERATIONAL_STATE,NONE,0,6.975999999999999,3.3100000000000005,0,-0.010000000000005116,30.334000000000003,-0.6799999999999997,0,0.0,1,-0.03000000000000025
DEV-00499,2026-01-05 03:00:00,Router,32.14,23.37,42.64,590.4,52,1.27,12.12,25,8,"%LINK-3-UPDOWN: Interface Gi0/1 flaps, errors count 52",NONE,0,33.174,-0.28000000000000114,0,0.9800000000000004,42.867999999999995,-1.1700000000000017,0,2.0,1,0.42000000000000004
DEV-00500,2026-01-05 03:00:00,Router,21.93,37.7,37.85,704.08,57,0.84,40.03,26,8,"%LINK-3-UPDOWN: Interface Gi0/1 flaps, errors count 57",NONE,0,23.546,3.5599999999999987,0,0.13000000000000256,37.146,0.480000000000004,0,1.0,1,0.05999999999999994
